<?xml version="1.0" encoding="iso-8859-1" ?>
<newsitem itemid="100048" id="root" date="1996-10-07" xml:lang="en">
<title>USA: National City to buy Kentucky bank.</title>
<headline>National City to buy Kentucky bank.</headline>
<dateline>EVANSVILLE, Ind. 1996-10-07</dateline>
<text>
<p>National City Bancshares Inc said Monday it had agreed to purchase  First Federal Savings Bank of Leitchfield, Ky.</p>
<p>Terms were not disclosed.</p>
<p>The deal is expected to close by the first quarter of 1997, said National City, whose assets total $1.1 billion.</p>
<p>It said First Federal's assets total $39.4 million.</p>
<p>-- Chicago Newsdesk 312-408-8787</p>
</text>
<copyright>(c) Reuters Limited 1996</copyright>
<metadata>
<codes class="bip:countries:1.0">
  <code code="USA">
    <editdetail attribution="Reuters BIP Coding Group" action="confirmed" date="1996-10-07"/>
  </code>
</codes>
<codes class="bip:topics:1.0">
  <code code="C18">
    <editdetail attribution="Reuters BIP Coding Group" action="confirmed" date="1996-10-07"/>
  </code>
  <code code="C181">
    <editdetail attribution="Reuters BIP Coding Group" action="confirmed" date="1996-10-07"/>
  </code>
  <code code="CCAT">
    <editdetail attribution="Reuters BIP Coding Group" action="confirmed" date="1996-10-07"/>
  </code>
</codes>
<dc element="dc.date.created" value="1996-10-07"/>
<dc element="dc.publisher" value="Reuters Holdings Plc"/>
<dc element="dc.date.published" value="1996-10-07"/>
<dc element="dc.source" value="Reuters"/>
<dc element="dc.creator.location" value="EVANSVILLE, Ind."/>
<dc element="dc.creator.location.country.name" value="USA"/>
<dc element="dc.source" value="Reuters"/>
</metadata>
</newsitem>
