<?xml version="1.0" encoding="iso-8859-1" ?>
<newsitem itemid="100059" id="root" date="1996-10-07" xml:lang="en">
<title>USA: Maple Grove, Minn., $15.785 mln won by Norwest.</title>
<headline>Maple Grove, Minn., $15.785 mln won by Norwest.</headline>
<dateline>NEW YORK 1996-10-07</dateline>
<text>
<p>Norwest Investment Services, Inc. said it won $15.785 million of Maple Grove, Minn., general obligation improvement bonds, Series 1996 A, with a true interest cost of 5.15 percent.</p>
</text>
<copyright>(c) Reuters Limited 1996</copyright>
<metadata>
<codes class="bip:countries:1.0">
  <code code="USA">
    <editdetail attribution="Reuters BIP Coding Group" action="confirmed" date="1996-10-07"/>
  </code>
</codes>
<codes class="bip:topics:1.0">
  <code code="E21">
    <editdetail attribution="Reuters BIP Coding Group" action="confirmed" date="1996-10-07"/>
  </code>
  <code code="E212">
    <editdetail attribution="Reuters BIP Coding Group" action="confirmed" date="1996-10-07"/>
  </code>
  <code code="ECAT">
    <editdetail attribution="Reuters BIP Coding Group" action="confirmed" date="1996-10-07"/>
  </code>
</codes>
<dc element="dc.date.created" value="1996-10-07"/>
<dc element="dc.publisher" value="Reuters Holdings Plc"/>
<dc element="dc.date.published" value="1996-10-07"/>
<dc element="dc.source" value="Reuters"/>
<dc element="dc.creator.location" value="NEW YORK"/>
<dc element="dc.creator.location.country.name" value="USA"/>
<dc element="dc.source" value="Reuters"/>
</metadata>
</newsitem>
