<?xml version="1.0" encoding="iso-8859-1" ?>
<newsitem itemid="100018" id="root" date="1996-10-07" xml:lang="en">
<title>USA: Viacom unit completes purchase of WTOG-TV.</title>
<headline>Viacom unit completes purchase of WTOG-TV.</headline>
<dateline>HOLLYWOOD, Calif. 1996-10-07</dateline>
<text>
<p>Paramount Stations Group, a unit of Viacom Inc, said Monday it completed its purchase of WTOG-TV in Tampa, Florida.</p>
<p>The acquisition extends Paramount's reach to 19 percent of all U.S. television-viewing households.</p>
<p>Paramount traded its WNYT television station in Albany, New York, and WHEC in Rochester, New York, as part of the deal with Hubbard Broadcasting.</p>
</text>
<copyright>(c) Reuters Limited 1996</copyright>
<metadata>
<codes class="bip:countries:1.0">
  <code code="USA">
    <editdetail attribution="Reuters BIP Coding Group" action="confirmed" date="1996-10-07"/>
  </code>
</codes>
<codes class="bip:industries:1.0">
  <code code="I97400">
    <editdetail attribution="Reuters BIP Coding Group" action="confirmed" date="1996-10-07"/>
  </code>
</codes>
<codes class="bip:topics:1.0">
  <code code="C18">
    <editdetail attribution="Reuters BIP Coding Group" action="confirmed" date="1996-10-07"/>
  </code>
  <code code="C181">
    <editdetail attribution="Reuters BIP Coding Group" action="confirmed" date="1996-10-07"/>
  </code>
  <code code="CCAT">
    <editdetail attribution="Reuters BIP Coding Group" action="confirmed" date="1996-10-07"/>
  </code>
</codes>
<dc element="dc.date.created" value="1996-10-07"/>
<dc element="dc.publisher" value="Reuters Holdings Plc"/>
<dc element="dc.date.published" value="1996-10-07"/>
<dc element="dc.source" value="Reuters"/>
<dc element="dc.creator.location" value="HOLLYWOOD, Calif."/>
<dc element="dc.creator.location.country.name" value="USA"/>
<dc element="dc.source" value="Reuters"/>
</metadata>
</newsitem>
