<?xml version="1.0" encoding="iso-8859-1" ?>
<newsitem itemid="100589" id="root" date="1996-10-07" xml:lang="en">
<title>UK: Sumitomo Corp may have more copper to sell.</title>
<headline>Sumitomo Corp may have more copper to sell.</headline>
<dateline>LONDON 1996-10-07</dateline>
<text>
<p>Sumitomo Corp may not have liquidated all its long positions on the world copper markets, and may have &quot;several hundred thousand tonnes to liquidate&quot;, Herbert Black, president of American Iron and Metal Co Inc said.</p>
<p>Black said at a American Metal Market luncheon that the copper price may spike upwards in the very short term to $2,000/$2,100 a tonne, but it will trade down to $1,600 next year and $1,400 in 1998.  </p>
<p>Montreal-based scrap trader Black is widely believed to be among those who broke Sumitomo's control of the copper market, which their former trader Yasuo Hamanaka exerted for many years.</p>
<p>&quot;Sumitomo was the force behind the market...but he (Hamanaka) did not realise how big the funds were. Sumitomo was accustomed to taking on small players, not big funds,&quot; he said.</p>
<p>Black said that although Sumitomo has already upwardly revised its losses in unauthorised trading from an initial $1.8 billion to $2.6 billion, they may be even higher.</p>
<p>&quot;I feel confident the position (Sumitomo's) has not been unwound.&quot; --London Newsroom +44 171 542 8057</p>
</text>
<copyright>(c) Reuters Limited 1996</copyright>
<metadata>
<codes class="bip:countries:1.0">
  <code code="UK">
    <editdetail attribution="Reuters BIP Coding Group" action="confirmed" date="1996-10-07"/>
  </code>
</codes>
<codes class="bip:industries:1.0">
  <code code="I22460">
    <editdetail attribution="Reuters BIP Coding Group" action="confirmed" date="1996-10-07"/>
  </code>
  <code code="I63000">
    <editdetail attribution="Reuters BIP Coding Group" action="confirmed" date="1996-10-07"/>
  </code>
</codes>
<codes class="bip:topics:1.0">
  <code code="C21">
    <editdetail attribution="Reuters BIP Coding Group" action="confirmed" date="1996-10-07"/>
  </code>
  <code code="C31">
    <editdetail attribution="Reuters BIP Coding Group" action="confirmed" date="1996-10-07"/>
  </code>
  <code code="CCAT">
    <editdetail attribution="Reuters BIP Coding Group" action="confirmed" date="1996-10-07"/>
  </code>
  <code code="M14">
    <editdetail attribution="Reuters BIP Coding Group" action="confirmed" date="1996-10-07"/>
  </code>
  <code code="M142">
    <editdetail attribution="Reuters BIP Coding Group" action="confirmed" date="1996-10-07"/>
  </code>
  <code code="MCAT">
    <editdetail attribution="Reuters BIP Coding Group" action="confirmed" date="1996-10-07"/>
  </code>
</codes>
<dc element="dc.date.created" value="1996-10-07"/>
<dc element="dc.publisher" value="Reuters Holdings Plc"/>
<dc element="dc.date.published" value="1996-10-07"/>
<dc element="dc.source" value="Reuters"/>
<dc element="dc.creator.location" value="LONDON"/>
<dc element="dc.creator.location.country.name" value="UK"/>
<dc element="dc.source" value="Reuters"/>
</metadata>
</newsitem>
