<?xml version="1.0" encoding="iso-8859-1" ?>
<newsitem itemid="100518" id="root" date="1996-10-07" xml:lang="en">
<title>USA: Adtran Inc Q3 net rises.</title>
<headline>Adtran Inc Q3 net rises.</headline>
<dateline>HUNTSVILLE, Ala. 1996-10-07</dateline>
<text>
<p>1996		     1995</p>
<p> Sales			     $62,634,637	    $48,002,263</p>
<p> Net income			  9,405,557		7,769,675</p>
<p>Weighted average common and</p>
<p>common equivalent shares</p>
<p>  outstanding (1)		 39,579,894	     39,518,679</p>
<p>Net income per common and</p>
<p>  common equivalent share (1)	 0.24		     0.20</p>
<p>(1) Assumes exercise of dilutive stock options calculated under the treasury stock method.</p>
<p>		Nine Mos</p>
<p>					     1996		     1995</p>
<p> Sales			    $180,484,338	   $131,560,833</p>
<p> Net income			 28,369,165	     20,891,784</p>
<p>Weighted average common</p>
<p>and common equivalent</p>
<p>  shares outstanding (1)	39,568,602	     39,179,784</p>
<p>Net income per common</p>
<p>and common equivalent</p>
<p>  share (1)				 0.72		     0.53</p>
<p>(1) Assumes exercise of dilutive stock options calculated under the treasury stock method.</p>
<p>-- New York Newsdesk 212-859-1610</p>
</text>
<copyright>(c) Reuters Limited 1996</copyright>
<metadata>
<codes class="bip:countries:1.0">
  <code code="USA">
    <editdetail attribution="Reuters BIP Coding Group" action="confirmed" date="1996-10-07"/>
  </code>
</codes>
<codes class="bip:industries:1.0">
  <code code="I34410">
    <editdetail attribution="Reuters BIP Coding Group" action="confirmed" date="1996-10-07"/>
  </code>
</codes>
<codes class="bip:topics:1.0">
  <code code="C15">
    <editdetail attribution="Reuters BIP Coding Group" action="confirmed" date="1996-10-07"/>
  </code>
  <code code="C151">
    <editdetail attribution="Reuters BIP Coding Group" action="confirmed" date="1996-10-07"/>
  </code>
  <code code="CCAT">
    <editdetail attribution="Reuters BIP Coding Group" action="confirmed" date="1996-10-07"/>
  </code>
</codes>
<dc element="dc.date.created" value="1996-10-07"/>
<dc element="dc.publisher" value="Reuters Holdings Plc"/>
<dc element="dc.date.published" value="1996-10-07"/>
<dc element="dc.source" value="Reuters"/>
<dc element="dc.creator.location" value="HUNTSVILLE, Ala."/>
<dc element="dc.creator.location.country.name" value="USA"/>
<dc element="dc.source" value="Reuters"/>
</metadata>
</newsitem>
