<?xml version="1.0" encoding="iso-8859-1" ?>
<newsitem itemid="100652" id="root" date="1996-10-07" xml:lang="en">
<title>UK: RESEARCH ALERT - United News rated &quot;hold&quot;.</title>
<headline>RESEARCH ALERT - United News rated &quot;hold&quot;.</headline>
<dateline>LONDON 1996-10-07</dateline>
<text>
<p>United News &amp; Media Plc was rated &quot;hold&quot; as Salomon Brothers began coverage of the stock, a research note from analysts at the brokerage said on Monday.  </p>
<p>After a strong performance since the MAI merger, Salomon said the stock was fully valued on fundamentals and that the core media business was on a 22 percent premium to the rest of the UK market on the basis of its forecast 1997 earnings.</p>
<p>It noted that Carlton Communications Plc and Mirror Group Plc, both rated &quot;buy,&quot; offer comparable business exposure with stronger and more profitable television and newspaper brands.</p>
<p>United News was down 6-1/2p at 658-1/2, Cartlon was up 1/2p at 481-1/2 and Mirror was up 2p at 221.</p>
<p>-- David Holmes, London Newsroom +44 171 542 5106</p>
</text>
<copyright>(c) Reuters Limited 1996</copyright>
<metadata>
<codes class="bip:countries:1.0">
  <code code="UK">
    <editdetail attribution="Reuters BIP Coding Group" action="confirmed" date="1996-10-07"/>
  </code>
</codes>
<codes class="bip:industries:1.0">
  <code code="I47510">
    <editdetail attribution="Reuters BIP Coding Group" action="confirmed" date="1996-10-07"/>
  </code>
  <code code="I9741102">
    <editdetail attribution="Reuters BIP Coding Group" action="confirmed" date="1996-10-07"/>
  </code>
</codes>
<codes class="bip:topics:1.0">
  <code code="C15">
    <editdetail attribution="Reuters BIP Coding Group" action="confirmed" date="1996-10-07"/>
  </code>
  <code code="C152">
    <editdetail attribution="Reuters BIP Coding Group" action="confirmed" date="1996-10-07"/>
  </code>
  <code code="CCAT">
    <editdetail attribution="Reuters BIP Coding Group" action="confirmed" date="1996-10-07"/>
  </code>
</codes>
<dc element="dc.date.created" value="1996-10-07"/>
<dc element="dc.publisher" value="Reuters Holdings Plc"/>
<dc element="dc.date.published" value="1996-10-07"/>
<dc element="dc.source" value="Reuters"/>
<dc element="dc.creator.location" value="LONDON"/>
<dc element="dc.creator.location.country.name" value="UK"/>
<dc element="dc.source" value="Reuters"/>
</metadata>
</newsitem>
