<?xml version="1.0" encoding="iso-8859-1" ?>
<newsitem itemid="100739" id="root" date="1996-10-07" xml:lang="en">
<title>DUBAI: Saudi Arabia's Sept oil output at 8.05 mln bpd.</title>
<headline>Saudi Arabia's Sept oil output at 8.05 mln bpd.</headline>
<dateline>DUBAI 1996-10-07</dateline>
<text>
<p>Saudi Arabia's wellhead oil production dipped slightly in September to an average 8.05 million barrels per day (bpd) from 8.09 million bpd in the previous month, a Gulf source said on Monday.</p>
<p>The kingdom supplied 8.00 million bpd to the market last month which is its OPEC quota, the source said.</p>
<p>Saudi Arabia is the world's largest oil producer and exporter.</p>
<p>-- Dubai Newsroom, +971 4 6071255</p>
</text>
<copyright>(c) Reuters Limited 1996</copyright>
<metadata>
<codes class="bip:countries:1.0">
  <code code="SAARAB">
    <editdetail attribution="Reuters BIP Coding Group" action="confirmed" date="1996-10-07"/>
  </code>
</codes>
<codes class="bip:industries:1.0">
  <code code="I13000">
    <editdetail attribution="Reuters BIP Coding Group" action="confirmed" date="1996-10-07"/>
  </code>
  <code code="I1300003">
    <editdetail attribution="Reuters BIP Coding Group" action="confirmed" date="1996-10-07"/>
  </code>
</codes>
<codes class="bip:topics:1.0">
  <code code="C21">
    <editdetail attribution="Reuters BIP Coding Group" action="confirmed" date="1996-10-07"/>
  </code>
  <code code="CCAT">
    <editdetail attribution="Reuters BIP Coding Group" action="confirmed" date="1996-10-07"/>
  </code>
</codes>
<dc element="dc.date.created" value="1996-10-07"/>
<dc element="dc.publisher" value="Reuters Holdings Plc"/>
<dc element="dc.date.published" value="1996-10-07"/>
<dc element="dc.source" value="Reuters"/>
<dc element="dc.creator.location" value="DUBAI"/>
<dc element="dc.creator.location.country.name" value="DUBAI"/>
<dc element="dc.source" value="Reuters"/>
</metadata>
</newsitem>
