<?xml version="1.0" encoding="iso-8859-1" ?>
<newsitem itemid="100838" id="root" date="1996-10-07" xml:lang="en">
<title>PORTUGAL: Bank official confirms better Portugal growth.</title>
<headline>Bank official confirms better Portugal growth.</headline>
<dateline>LISBON 1996-10-05</dateline>
<text>
<p>The Bank of Portugal is more optimistic about the economy and sees 1996 growth at the higher end of its previous 1.75-2.75 percent range, a spokesman said.</p>
<p>He was confirming a report in the weekly Expresso magazine, which quoted Bank governor Antonio de Sousa as saying the central bank would slightly raise its growth forecast.</p>
<p>The spokesman said the new forecast, to be contained in the bank's October bulletin, would be for growth of 2.25-2.75 percent.</p>
<p>The government has forecast growth of 2.5-3.0 percent in 1996.</p>
<p>--Lisbon bureau 3511-3150035</p>
</text>
<copyright>(c) Reuters Limited 1996</copyright>
<metadata>
<codes class="bip:countries:1.0">
  <code code="PORL">
    <editdetail attribution="Reuters BIP Coding Group" action="confirmed" date="1996-10-07"/>
  </code>
</codes>
<codes class="bip:topics:1.0">
  <code code="E11">
    <editdetail attribution="Reuters BIP Coding Group" action="confirmed" date="1996-10-07"/>
  </code>
  <code code="ECAT">
    <editdetail attribution="Reuters BIP Coding Group" action="confirmed" date="1996-10-07"/>
  </code>
</codes>
<dc element="dc.date.created" value="1996-10-05"/>
<dc element="dc.publisher" value="Reuters Holdings Plc"/>
<dc element="dc.date.published" value="1996-10-07"/>
<dc element="dc.source" value="Reuters"/>
<dc element="dc.creator.location" value="LISBON"/>
<dc element="dc.creator.location.country.name" value="PORTUGAL"/>
<dc element="dc.source" value="Reuters"/>
</metadata>
</newsitem>
