<?xml version="1.0" encoding="iso-8859-1" ?>
<newsitem itemid="100839" id="root" date="1996-10-07" xml:lang="en">
<title>SPAIN: Catalan spokesman presses for lower Spanish rates.</title>
<headline>Catalan spokesman presses for lower Spanish rates.</headline>
<dateline>MADRID 1996-10-07</dateline>
<text>
<p>Catalan spokesman Francesc Homs told a local television station Monday official rates needed to be below six percent in the next few months if Spain was to reach its European goals.</p>
<p>The Bank of Spain cut its leading money market rate to 6.75 percent from 7.25 percent last Thursday, the Bank's sixth reduction this year.</p>
<p>The minority Popular Party government has pledged to join the European common currency at its launch in 1999.</p>
<p>&quot;If we want to fulfill the Maastricht Treaty, then interest rates should be below six percent in the next months,&quot; Homs, a spokesman for Catalonian's Convergence and Union, told Europa Press Television at the fringe of a seminar in Barcelona.</p>
<p>Homs welcomed the central bank's move last week but said &quot;We hope this change isn't the last. Spain needs to lower rates and it has to do it in the next months.&quot;</p>
<p>--Madrid Newsroom +34 1 585 2167</p>
</text>
<copyright>(c) Reuters Limited 1996</copyright>
<metadata>
<codes class="bip:countries:1.0">
  <code code="EEC">
    <editdetail attribution="Reuters BIP Coding Group" action="confirmed" date="1996-10-07"/>
  </code>
  <code code="SPAIN">
    <editdetail attribution="Reuters BIP Coding Group" action="confirmed" date="1996-10-07"/>
  </code>
</codes>
<codes class="bip:topics:1.0">
  <code code="E12">
    <editdetail attribution="Reuters BIP Coding Group" action="confirmed" date="1996-10-07"/>
  </code>
  <code code="ECAT">
    <editdetail attribution="Reuters BIP Coding Group" action="confirmed" date="1996-10-07"/>
  </code>
  <code code="G15">
    <editdetail attribution="Reuters BIP Coding Group" action="confirmed" date="1996-10-07"/>
  </code>
  <code code="G154">
    <editdetail attribution="Reuters BIP Coding Group" action="confirmed" date="1996-10-07"/>
  </code>
  <code code="GCAT">
    <editdetail attribution="Reuters BIP Coding Group" action="confirmed" date="1996-10-07"/>
  </code>
</codes>
<dc element="dc.date.created" value="1996-10-07"/>
<dc element="dc.publisher" value="Reuters Holdings Plc"/>
<dc element="dc.date.published" value="1996-10-07"/>
<dc element="dc.source" value="Reuters"/>
<dc element="dc.creator.location" value="MADRID"/>
<dc element="dc.creator.location.country.name" value="SPAIN"/>
<dc element="dc.source" value="Reuters"/>
</metadata>
</newsitem>
