<?xml version="1.0" encoding="iso-8859-1" ?>
<newsitem itemid="100901" id="root" date="1996-10-07" xml:lang="en">
<title>GERMANY: Deutsche may have upped Vereinsbank stake - source.</title>
<headline>Deutsche may have upped Vereinsbank stake - source.</headline>
<dateline>FRANKFURT 1996-10-07</dateline>
<text>
<p>Deutsche Bank AG appears to have increased its stake in rival Bayerische Vereinsbank AG, a banking source said on Monday.</p>
<p>There were indications that Deutsche last week bought more shares in Vereinsbank, thereby increasing its stake from the 5.21 percent level Deutsche disclosed in July, the source, who declined to be identified, told Reuters.</p>
<p>Vereinsbank shares on Friday jumped 0.67 marks or 1.24 percent to 54.62 marks in heavy trade, easily outperforming the DAX index of 30 blue-chip shares which rose just 0.25 percent.</p>
<p>The shares continued to rise on Monday, hitting a new year high of 55.20 marks in floor trade, up 0.58 marks or 1.1 percent.  </p>
<p>A Deutsche Bank spokesman declined to comment, saying, &quot;The bank generally does not comment on price movements.&quot;</p>
<p>A Vereinsbank spokesman said, &quot;We do not know who is buying our shares.&quot;</p>
<p>Deutsche's stake disclosure in July fanned speculation that Germany faced a wave of bank mergers but chief executive Hilmar Kopper said in August the bank had no immediate plans to increase the stake.</p>
<p>He said the shareholding was aimed at deterring potential bidders for Vereinsbank.</p>
<p>Deutsche had staked a claim with the purchase, but a decision on whether to use the stake as a &quot;strategic tool&quot; may not be on the agenda for five, seven or 10 years, Kopper said.</p>
<p>Under German law, Deutsche has to disclose any increase in its stake to 10 percent or over.</p>
<p>Vereinsbank has officially welcomed the Deutsche's shareholding but the news has caused uncertainty among Vereinsbank staff.</p>
<p>--David Crossland, Frankfurt Newsroom, +49 69 756525</p>
</text>
<copyright>(c) Reuters Limited 1996</copyright>
<metadata>
<codes class="bip:countries:1.0">
  <code code="GFR">
    <editdetail attribution="Reuters BIP Coding Group" action="confirmed" date="1996-10-07"/>
  </code>
</codes>
<codes class="bip:industries:1.0">
  <code code="I81402">
    <editdetail attribution="Reuters BIP Coding Group" action="confirmed" date="1996-10-07"/>
  </code>
</codes>
<codes class="bip:topics:1.0">
  <code code="C18">
    <editdetail attribution="Reuters BIP Coding Group" action="confirmed" date="1996-10-07"/>
  </code>
  <code code="C181">
    <editdetail attribution="Reuters BIP Coding Group" action="confirmed" date="1996-10-07"/>
  </code>
  <code code="CCAT">
    <editdetail attribution="Reuters BIP Coding Group" action="confirmed" date="1996-10-07"/>
  </code>
</codes>
<dc element="dc.date.created" value="1996-10-07"/>
<dc element="dc.publisher" value="Reuters Holdings Plc"/>
<dc element="dc.date.published" value="1996-10-07"/>
<dc element="dc.source" value="Reuters"/>
<dc element="dc.creator.location" value="FRANKFURT"/>
<dc element="dc.creator.location.country.name" value="GERMANY"/>
<dc element="dc.source" value="Reuters"/>
</metadata>
</newsitem>
