<?xml version="1.0" encoding="iso-8859-1" ?>
<newsitem itemid="100989" id="root" date="1996-10-07" xml:lang="en">
<title>UK: BLENHEIM UP ON REED BID TALK.</title>
<headline>BLENHEIM UP ON REED BID TALK.</headline>
<dateline>LONDON 1996-10-07</dateline>
<text>
<p>Shares in Blenheim Group jumped on a report that a 450 million stg bid from publisher Reed-Elsevier is forthcoming, traders said.</p>
<p>The Independent newspaper, quoting an unnamed source close to Reed, said the Anglo-Dutch publisher is preparing an offer of about 480p per share. The newspaper also quoted a source close to Blenheim as saying Reed was not the only bidder.</p>
<p>At 1146 GMT, Blenheim shares were quoted at 433p, up from a previous close of 413-1/2p.</p>
<p>Traders said the shares didn't rise more because takeover speculation surrounding Blenheim has been in the market for months.</p>
<p>&quot;There were a lot of people who got their fingers burnt on the last takover rumours, and I don't think they want to get involved again, said one market maker. &quot;They're perfectly happy to sit on the sidelines.&quot;</p>
<p>The company was not immediately available for comment.</p>
<p>--Debra Sherman, London newsroom +44 171 542 4026</p>
</text>
<copyright>(c) Reuters Limited 1996</copyright>
<metadata>
<codes class="bip:countries:1.0">
  <code code="NETH">
    <editdetail attribution="Reuters BIP Coding Group" action="confirmed" date="1996-10-07"/>
  </code>
  <code code="UK">
    <editdetail attribution="Reuters BIP Coding Group" action="confirmed" date="1996-10-07"/>
  </code>
</codes>
<codes class="bip:industries:1.0">
  <code code="I47500">
    <editdetail attribution="Reuters BIP Coding Group" action="confirmed" date="1996-10-07"/>
  </code>
  <code code="I83954">
    <editdetail attribution="Reuters BIP Coding Group" action="confirmed" date="1996-10-07"/>
  </code>
</codes>
<codes class="bip:topics:1.0">
  <code code="C15">
    <editdetail attribution="Reuters BIP Coding Group" action="confirmed" date="1996-10-07"/>
  </code>
  <code code="C152">
    <editdetail attribution="Reuters BIP Coding Group" action="confirmed" date="1996-10-07"/>
  </code>
  <code code="C18">
    <editdetail attribution="Reuters BIP Coding Group" action="confirmed" date="1996-10-07"/>
  </code>
  <code code="C181">
    <editdetail attribution="Reuters BIP Coding Group" action="confirmed" date="1996-10-07"/>
  </code>
  <code code="CCAT">
    <editdetail attribution="Reuters BIP Coding Group" action="confirmed" date="1996-10-07"/>
  </code>
</codes>
<dc element="dc.date.created" value="1996-10-07"/>
<dc element="dc.publisher" value="Reuters Holdings Plc"/>
<dc element="dc.date.published" value="1996-10-07"/>
<dc element="dc.source" value="Reuters"/>
<dc element="dc.creator.location" value="LONDON"/>
<dc element="dc.creator.location.country.name" value="UK"/>
<dc element="dc.source" value="Reuters"/>
</metadata>
</newsitem>
