<?xml version="1.0" encoding="iso-8859-1" ?>
<newsitem itemid="101060" id="root" date="1996-10-07" xml:lang="en">
<title>UK: Alberta sets NZ$100 two-year Eurobond.</title>
<headline>Alberta sets NZ$100 two-year Eurobond.</headline>
<dateline>LONDON 1996-10-07</dateline>
<text>
<p>The following bond was announced by lead manager Toronto-Dominion.</p>
<p> BORROWER   ALBERTA, PROVINCE OF</p>
<p> AMT     NZ$100 MLN   COUPON     8.00	MATURITY    30.OCT.98</p>
<p> TYPE	 STRAIGHT  ISS PRICE  100.80    PAY DATE    30.OCT.96</p>
<p> FULL FEES  1.25	LISTING    LUX	 PAY FREQ    ANNUAL</p>
<p> MOODY/S&amp;P  AA2/AA    DENOMS (K) 1-10-100  SALE LIMITS US/UK/NZ</p>
<p> NEG PLG    NO	  CRS DEFLT  NO	  FORCE MAJ   YES</p>
<p> GOV LAW    ALBERTA   HOME CTRY  CANADA    TAX PROVS   STANDARD</p>
<p> MGT/UND    0.25	SELL CONC  1.00</p>
<p>-- London Newsroom +44 171 542 7658</p>
</text>
<copyright>(c) Reuters Limited 1996</copyright>
<metadata>
<codes class="bip:countries:1.0">
  <code code="CANA">
    <editdetail attribution="Reuters BIP Coding Group" action="confirmed" date="1996-10-07"/>
  </code>
  <code code="UK">
    <editdetail attribution="Reuters BIP Coding Group" action="confirmed" date="1996-10-07"/>
  </code>
</codes>
<codes class="bip:topics:1.0">
  <code code="E21">
    <editdetail attribution="Reuters BIP Coding Group" action="confirmed" date="1996-10-07"/>
  </code>
  <code code="E212">
    <editdetail attribution="Reuters BIP Coding Group" action="confirmed" date="1996-10-07"/>
  </code>
  <code code="ECAT">
    <editdetail attribution="Reuters BIP Coding Group" action="confirmed" date="1996-10-07"/>
  </code>
</codes>
<dc element="dc.date.created" value="1996-10-07"/>
<dc element="dc.publisher" value="Reuters Holdings Plc"/>
<dc element="dc.date.published" value="1996-10-07"/>
<dc element="dc.source" value="Reuters"/>
<dc element="dc.creator.location" value="LONDON"/>
<dc element="dc.creator.location.country.name" value="UK"/>
<dc element="dc.source" value="Reuters"/>
</metadata>
</newsitem>
