<?xml version="1.0" encoding="iso-8859-1" ?>
<newsitem itemid="101061" id="root" date="1996-10-07" xml:lang="en">
<title>UK: TREG lapsed KEPIT offer had little take-up.</title>
<headline>TREG lapsed KEPIT offer had little take-up.</headline>
<dateline>LONDON 1996-10-07</dateline>
<text>
<p>TR European Growth Trust (TREG) said it had received acceptances representing just 3.04 percent of the ordinary shares of Kleinwort European Privatisation Investment Trust Plc (KEPIT) under its lapsed offer.</p>
<p>In a statement, TREG said by 1400 GMT on October 4 it had also received acceptances for 2.45 percent of KEPIT warrants.</p>
<p>TREG said on Friday it would not extend its hostile bid for the 500 million stg KEPIT beyond the closing date of October 4.</p>
<p>-- London Newsroom +44 171 5427717</p>
</text>
<copyright>(c) Reuters Limited 1996</copyright>
<metadata>
<codes class="bip:countries:1.0">
  <code code="UK">
    <editdetail attribution="Reuters BIP Coding Group" action="confirmed" date="1996-10-07"/>
  </code>
</codes>
<codes class="bip:industries:1.0">
  <code code="I81502">
    <editdetail attribution="Reuters BIP Coding Group" action="confirmed" date="1996-10-07"/>
  </code>
  <code code="I8150206">
    <editdetail attribution="Reuters BIP Coding Group" action="confirmed" date="1996-10-07"/>
  </code>
</codes>
<codes class="bip:topics:1.0">
  <code code="C18">
    <editdetail attribution="Reuters BIP Coding Group" action="confirmed" date="1996-10-07"/>
  </code>
  <code code="C181">
    <editdetail attribution="Reuters BIP Coding Group" action="confirmed" date="1996-10-07"/>
  </code>
  <code code="CCAT">
    <editdetail attribution="Reuters BIP Coding Group" action="confirmed" date="1996-10-07"/>
  </code>
</codes>
<dc element="dc.date.created" value="1996-10-07"/>
<dc element="dc.publisher" value="Reuters Holdings Plc"/>
<dc element="dc.date.published" value="1996-10-07"/>
<dc element="dc.source" value="Reuters"/>
<dc element="dc.creator.location" value="LONDON"/>
<dc element="dc.creator.location.country.name" value="UK"/>
<dc element="dc.source" value="Reuters"/>
</metadata>
</newsitem>
