<?xml version="1.0" encoding="iso-8859-1" ?>
<newsitem itemid="101180" id="root" date="1996-10-07" xml:lang="en">
<title>JAPAN: Tokyo rubber futures bounce back on stock news.</title>
<headline>Tokyo rubber futures bounce back on stock news.</headline>
<dateline>TOKYO 1996-10-07</dateline>
<text>
<p>Tokyo rubber futures ended firmer on Monday, bouncing back from life-of-contract lows for most contracts following news that an increase in rubber stocks was smaller than initial forecasts, traders said.</p>
<p>Prices ranged from 0.5 yen to 1.9 yen per kg higher. Benchmark March was 0.5 yen firmer at 133.0 yen.</p>
<p>Japan rubber stocks increased to 47,873 tonnes at the end of September, up 209 tonnes from September 20. &quot;The market had expected that stocks would have risen to 50,000 tonnes in end-September, and the smaller-than-expected increase fuelled moderate short-covering in the afternoon,&quot; one trader said.</p>
</text>
<copyright>(c) Reuters Limited 1996</copyright>
<metadata>
<codes class="bip:countries:1.0">
  <code code="JAP">
    <editdetail attribution="Reuters BIP Coding Group" action="confirmed" date="1996-10-07"/>
  </code>
</codes>
<codes class="bip:topics:1.0">
  <code code="M14">
    <editdetail attribution="Reuters BIP Coding Group" action="confirmed" date="1996-10-07"/>
  </code>
  <code code="M141">
    <editdetail attribution="Reuters BIP Coding Group" action="confirmed" date="1996-10-07"/>
  </code>
  <code code="MCAT">
    <editdetail attribution="Reuters BIP Coding Group" action="confirmed" date="1996-10-07"/>
  </code>
</codes>
<dc element="dc.date.created" value="1996-10-07"/>
<dc element="dc.publisher" value="Reuters Holdings Plc"/>
<dc element="dc.date.published" value="1996-10-07"/>
<dc element="dc.source" value="Reuters"/>
<dc element="dc.creator.location" value="TOKYO"/>
<dc element="dc.creator.location.country.name" value="JAPAN"/>
<dc element="dc.source" value="Reuters"/>
</metadata>
</newsitem>
