<?xml version="1.0" encoding="iso-8859-1" ?>
<newsitem itemid="101253" id="root" date="1996-10-07" xml:lang="en">
<title>PHILIPPINES: Manila's PHIBOR rates steady to softer.</title>
<headline>Manila's PHIBOR rates steady to softer.</headline>
<dateline>MANILA 1996-10-07</dateline>
<text>
<p>Philippine interbank offered rates (PHIBOR) were steady to softer at the middle of the curve due to a slight increase in peso overnight rates, traders said on Monday.</p>
<p>Traders said demand for dollars rose due to foreign selling in the local stock market and reserve covering by some banks from weekend withdrawals.</p>
<p>But traders said they expect the spot peso rates to stabilise for the rest of the week on prospects of improving liquidity from maturing government securities.  </p>
<p>Average rates quoted by 20 banks were:</p>
<p>			 Oct 7		   Oct 4</p>
<p>    1 W		12  3/16		12 3/16</p>
<p>    2 W		12  1/16		12 1/16</p>
<p>    1 M		11  7/8		 11 7/8</p>
<p>    2 M		11  3/4		 11 3/4</p>
<p>    3 M		11 11/16		11 3/4</p>
<p>    6 M		11  7/8		 11 15/16</p>
<p>    12M		12			12</p>
<p>    VAL		8-Oct		   7-Oct</p>
<p>- Manila newsroom 63 2 8109636 Fax 8176267</p>
</text>
<copyright>(c) Reuters Limited 1996</copyright>
<metadata>
<codes class="bip:countries:1.0">
  <code code="PHLNS">
    <editdetail attribution="Reuters BIP Coding Group" action="confirmed" date="1996-10-07"/>
  </code>
</codes>
<codes class="bip:topics:1.0">
  <code code="M13">
    <editdetail attribution="Reuters BIP Coding Group" action="confirmed" date="1996-10-07"/>
  </code>
  <code code="M131">
    <editdetail attribution="Reuters BIP Coding Group" action="confirmed" date="1996-10-07"/>
  </code>
  <code code="MCAT">
    <editdetail attribution="Reuters BIP Coding Group" action="confirmed" date="1996-10-07"/>
  </code>
</codes>
<dc element="dc.date.created" value="1996-10-07"/>
<dc element="dc.publisher" value="Reuters Holdings Plc"/>
<dc element="dc.date.published" value="1996-10-07"/>
<dc element="dc.source" value="Reuters"/>
<dc element="dc.creator.location" value="MANILA"/>
<dc element="dc.creator.location.country.name" value="PHILIPPINES"/>
<dc element="dc.source" value="Reuters"/>
</metadata>
</newsitem>
