<?xml version="1.0" encoding="iso-8859-1" ?>
<newsitem itemid="101349" id="root" date="1996-10-07" xml:lang="en">
<title>EGYPT: INDICATORS - Egypt - updated Oct 7.</title>
<headline>INDICATORS - Egypt - updated Oct 7.</headline>
<text>
<p>---INTEREST RATES---</p>
<p>					Latest   Date  Pvs Rate  Mth ago</p>
<p>91-day treasury bill yield    10.261   3/10   10.260   10.257</p>
<p>182-day treasury bill yield   10.259   17/9   10.258   10.254</p>
<p>Central Bank discount rate    13.5     Nov95  14.0     13.5</p>
<p>Av o/nite interbank (private) 9 1/2    3/10   10 1/4   10 3/32</p>
<p>O/nite interbank (public)     10 1/2   3/10   10 1/2   10 1/2</p>
<p>			    ---MONTHLY DATA---</p>
<p>				   Month	    Pvs Mth	 Yr ago</p>
<p>CPI (yr-on-yr)	    July     9.4	   8.3	    8.5</p>
<p>Oil exports (LEmillion)     April    450	   671	    185</p>
<p>Non-oil exps (LEmillion)    April    564	   731	    752</p>
<p>Imports (LEmillion)	   April  3,408	 2,911	  2,926</p>
<p>Trade Bal (LEmillion)	 April -2,394	-1,509	 -1,989</p>
<p>Oil prod (bpd x 1000)   Sept     827	   842	    887</p>
<p>Suez Cnl ($million)	   July   152.3	 149.5	  165.8</p>
<p>Tourism ($million)	    July     214	   191	    118</p>
<p>			   ---QUARTERLY DATA---</p>
<p>				    Q3 95-96   Pvs quarter     Yr ago</p>
<p>Trade balance	 ($million)  -2,122.0    -2.695.1     -2,157.8</p>
<p>Service balance     ($million)  +1,331.5    +1,118.7	 +908.8</p>
<p>Transfer balance    ($million)    +845.5    +1,013.2     +1,016.6</p>
<p>C/A BALANCE	   ($million)     +55.0	-563.2	 -232.4</p>
<p>Capital operations  ($million)    +440.9	+552.9	 +535.6</p>
<p>Errors/omissions    ($million)    -302.7	-121.1	   +8.3</p>
<p>BALANCE OF PAYMENTS ($million)    +193.2	-131.4	 +311.5</p>
<p>			     ---ANNUAL DATA---</p>
<p>				    Year	  Pvs year    Two yrs prv</p>
<p>GDP Growth (% change)   1996-7    5.0	  4.5	     4.5</p>
<p>Unemployment (%)	  1995-6    9.4	  9.6	     9.4</p>
<p>LE/$ RATE		   end-95  3.393	3.392	   3.373</p>
<p>Gvt Dfct (LE million)	 1995-6  5,487	5,297	   3,614</p>
<p>Notes:</p>
<p>1. GDP growth, balance of payments, current account and government budget deficit figures are all based on fiscal years, which start on July 1.</p>
<p>2. Unemployment figures are from the Central Bank.</p>
<p>Unofficial sources say they are underestimates.</p>
<p>-- Cairo reporting unit +20 2 578 3290/1</p>
</text>
<copyright>(c) Reuters Limited 1996</copyright>
<metadata>
<codes class="bip:countries:1.0">
  <code code="EGYPT">
    <editdetail attribution="Reuters BIP Coding Group" action="confirmed" date="1996-10-07"/>
  </code>
</codes>
<codes class="bip:topics:1.0">
  <code code="E71">
    <editdetail attribution="Reuters BIP Coding Group" action="confirmed" date="1996-10-07"/>
  </code>
  <code code="ECAT">
    <editdetail attribution="Reuters BIP Coding Group" action="confirmed" date="1996-10-07"/>
  </code>
</codes>
<dc element="dc.publisher" value="Reuters Holdings Plc"/>
<dc element="dc.date.published" value="1996-10-07"/>
<dc element="dc.source" value="Reuters"/>
<dc element="dc.creator.location.country.name" value="EGYPT"/>
<dc element="dc.source" value="Reuters"/>
</metadata>
</newsitem>
