<?xml version="1.0" encoding="iso-8859-1" ?>
<newsitem itemid="101454" id="root" date="1996-10-07" xml:lang="en">
<title>NETHERLANDS: Dutch state to sell stake in KNSF.</title>
<headline>Dutch state to sell stake in KNSF.</headline>
<dateline>AMSTERDAM 1996-10-07</dateline>
<text>
<p>The Dutch state said on Monday it was planning to sell its stake in former explosives company Koninklijke Nederlandsche Springstoffenfabriek NV (KNSF).</p>
<p>KNSF is listed on the Amsterdam stock exchange and has become a property fund.  </p>
<p>Koninklijke Nederlandsche Springstoffenfabrieken NV, the Dutch state and investment fund General Investment Fund NV have agreed that the state will sell its 50 percent stake in KNSF for 7,500 guilders per share to GIF, the statement said.</p>
<p>Other shareholders are invited by General Investment Fund to sell their shares for the same price.</p>
<p>General Investment Fund said it wanted to continue the listing of KNSF.</p>
<p>-- Amsterdam newsroom +31 20 504 5000</p>
</text>
<copyright>(c) Reuters Limited 1996</copyright>
<metadata>
<codes class="bip:countries:1.0">
  <code code="NETH">
    <editdetail attribution="Reuters BIP Coding Group" action="confirmed" date="1996-10-07"/>
  </code>
</codes>
<codes class="bip:industries:1.0">
  <code code="I81502">
    <editdetail attribution="Reuters BIP Coding Group" action="confirmed" date="1996-10-07"/>
  </code>
</codes>
<codes class="bip:topics:1.0">
  <code code="C18">
    <editdetail attribution="Reuters BIP Coding Group" action="confirmed" date="1996-10-07"/>
  </code>
  <code code="C181">
    <editdetail attribution="Reuters BIP Coding Group" action="confirmed" date="1996-10-07"/>
  </code>
  <code code="C183">
    <editdetail attribution="Reuters BIP Coding Group" action="confirmed" date="1996-10-07"/>
  </code>
  <code code="CCAT">
    <editdetail attribution="Reuters BIP Coding Group" action="confirmed" date="1996-10-07"/>
  </code>
</codes>
<dc element="dc.date.created" value="1996-10-07"/>
<dc element="dc.publisher" value="Reuters Holdings Plc"/>
<dc element="dc.date.published" value="1996-10-07"/>
<dc element="dc.source" value="Reuters"/>
<dc element="dc.creator.location" value="AMSTERDAM"/>
<dc element="dc.creator.location.country.name" value="NETHERLANDS"/>
<dc element="dc.source" value="Reuters"/>
</metadata>
</newsitem>
