<?xml version="1.0" encoding="iso-8859-1" ?>
<newsitem itemid="101569" id="root" date="1996-10-08" xml:lang="en">
<title>USA: Federal taxes and spending deprive northeast-study.</title>
<headline>Federal taxes and spending deprive northeast-study.</headline>
<dateline>CAMBRIDGE, Mass. 1996-10-08</dateline>
<text>
<p>Northeast and Midwest states have been subsidizing the South, some for at least 15 years, in the form of federal tax dollars, according to a Harvard University's John F. Kennedy School of Government study.</p>
<p>Federal tax collections and spending programs have substantial and widely varying impacts on the economics of individual states, the study found. Each state runs a balance of payments surplus or deficit with the federal government.</p>
</text>
<copyright>(c) Reuters Limited 1996</copyright>
<metadata>
<codes class="bip:countries:1.0">
  <code code="USA">
    <editdetail attribution="Reuters BIP Coding Group" action="confirmed" date="1996-10-08"/>
  </code>
</codes>
<codes class="bip:topics:1.0">
  <code code="E21">
    <editdetail attribution="Reuters BIP Coding Group" action="confirmed" date="1996-10-08"/>
  </code>
  <code code="E211">
    <editdetail attribution="Reuters BIP Coding Group" action="confirmed" date="1996-10-08"/>
  </code>
  <code code="ECAT">
    <editdetail attribution="Reuters BIP Coding Group" action="confirmed" date="1996-10-08"/>
  </code>
  <code code="GCAT">
    <editdetail attribution="Reuters BIP Coding Group" action="confirmed" date="1996-10-08"/>
  </code>
  <code code="GPOL">
    <editdetail attribution="Reuters BIP Coding Group" action="confirmed" date="1996-10-08"/>
  </code>
</codes>
<dc element="dc.date.created" value="1996-10-08"/>
<dc element="dc.publisher" value="Reuters Holdings Plc"/>
<dc element="dc.date.published" value="1996-10-08"/>
<dc element="dc.source" value="Reuters"/>
<dc element="dc.creator.location" value="CAMBRIDGE, Mass."/>
<dc element="dc.creator.location.country.name" value="USA"/>
<dc element="dc.source" value="Reuters"/>
</metadata>
</newsitem>
