<?xml version="1.0" encoding="iso-8859-1" ?>
<newsitem itemid="101703" id="root" date="1996-10-08" xml:lang="en">
<title>USA: U.S. to sell $26 billion of 3-, 6-mo bills Oct 15.</title>
<headline>U.S. to sell $26 billion of 3-, 6-mo bills Oct 15.</headline>
<dateline>WASHINGTON 1996-10-08</dateline>
<text>
<p>The Treasury Department said on Tuesday it will auction $26 billion of three- and six-month bills on Oct 15 to raise $1.125 billion as $24.877 billion of bills are maturing.</p>
<p>The weekly bill sale will be equally divided between the two maturities.  The bills will be issued Oct 17.  The three-month bills mature January 16 and the six-month bills mature April 17.</p>
<p>The CUSIP number for the three-month bills is 9127943V4 and for the six-month bills is 9127944F8.</p>
</text>
<copyright>(c) Reuters Limited 1996</copyright>
<metadata>
<codes class="bip:countries:1.0">
  <code code="USA">
    <editdetail attribution="Reuters BIP Coding Group" action="confirmed" date="1996-10-08"/>
  </code>
</codes>
<codes class="bip:topics:1.0">
  <code code="M13">
    <editdetail attribution="Reuters BIP Coding Group" action="confirmed" date="1996-10-08"/>
  </code>
  <code code="M131">
    <editdetail attribution="Reuters BIP Coding Group" action="confirmed" date="1996-10-08"/>
  </code>
  <code code="MCAT">
    <editdetail attribution="Reuters BIP Coding Group" action="confirmed" date="1996-10-08"/>
  </code>
</codes>
<dc element="dc.date.created" value="1996-10-08"/>
<dc element="dc.publisher" value="Reuters Holdings Plc"/>
<dc element="dc.date.published" value="1996-10-08"/>
<dc element="dc.source" value="Reuters"/>
<dc element="dc.creator.location" value="WASHINGTON"/>
<dc element="dc.creator.location.country.name" value="USA"/>
<dc element="dc.source" value="Reuters"/>
</metadata>
</newsitem>
