<?xml version="1.0" encoding="iso-8859-1" ?>
<newsitem itemid="10206" id="root" date="1996-08-23" xml:lang="en">
<title>ZIMBABWE: Zimbabwe civil servants press ahead with strike.</title>
<headline>Zimbabwe civil servants press ahead with strike.</headline>
<byline>Cris Chinaka</byline>
<dateline>HARARE 1996-08-23</dateline>
<text>
<p>Zimbabwean civil servants pressed on with a strike for higher pay on Friday in an unprecedented defiance of government threats to sack them if they persisted.</p>
<p>Thousands including junior state doctors, nurses, magistrates and mortuary attendants, emboldened by strong public support, said they would remain on the streets until their demands for wage rises of between 30 and 60 percent were met.</p>
<p>The strike is a rare challenge to President Robert Mugabe and his dominant ruling ZANU-PF party, both in power since 1980.</p>
<p>Some senior officials and MPs have broken ranks with the government to support the workers. Others have insisted that the government could not afford to back down.</p>
<p>MPs from the ruling ZANU-PF party who usually rally behind government positions called late on Thursday for government to meet the workers' demands, but some cabinet ministers said there was no room to back down to &quot;mob rule&quot;.</p>
<p>Civic organisations, opposition parties and private-sector unions have weighed in with statements of solidarity, denouncing the government for recently awarding civil servants salary increases of only up to eight percent.</p>
<p>The Public Service Association (PSA) union rejects the offer as &quot;an unacceptable insult&quot; and says a majority of the southern African state's 180,000 civil servants deserve more.</p>
<p>On average, civil servants earn Z$1,000 (U.S. $99) a month and PSA union leaders justify their 60 percent pay rise demand on grounds that salaries in the public service have fallen far below the cost of living over the years.</p>
<p>&quot;There is no question of us going back to work before the government addresses our grievances. We are not going back and we will not respond to any threats to dismiss us,&quot; Frank Chamunorwa, vice-president of the PSA, told state radio.</p>
<p>His comments followed a statement by Public Service, Labour and Social Welfare Minister Florence Chitauro that she had told officials to sack those who did not report for work on Friday.</p>
<p>The strike has left many state hospitals handling only emergencies under senior doctors and nurse administrators with help from army and Red Cross medical personnel.</p>
<p>Chitauro told PSA executives at exploratory talks on Thursday that her government would consider their grievances seriously only when their followers returned to work.</p>
<p>She said armed police would continue to guard government offices to protect property and civil servants who wanted to work from being intimidated by strike leaders.</p>
</text>
<copyright>(c) Reuters Limited 1996</copyright>
<metadata>
<codes class="bip:countries:1.0">
  <code code="ZIMBAB">
    <editdetail attribution="Reuters BIP Coding Group" action="confirmed" date="1996-08-23"/>
  </code>
</codes>
<codes class="bip:topics:1.0">
  <code code="C42">
    <editdetail attribution="Reuters BIP Coding Group" action="confirmed" date="1996-08-23"/>
  </code>
  <code code="GJOB">
    <editdetail attribution="Reuters BIP Coding Group" action="confirmed" date="1996-08-23"/>
  </code>
</codes>
<dc element="dc.date.created" value="1996-08-23"/>
<dc element="dc.publisher" value="Reuters Holdings Plc"/>
<dc element="dc.date.published" value="1996-08-23"/>
<dc element="dc.source" value="Reuters"/>
<dc element="dc.creator.location" value="HARARE"/>
<dc element="dc.creator.location.country.name" value="ZIMBABWE"/>
<dc element="dc.source" value="Reuters"/>
</metadata>
</newsitem>
