<?xml version="1.0" encoding="iso-8859-1" ?>
<newsitem itemid="102178" id="root" date="1996-10-08" xml:lang="en">
<title>POLAND: Polish shares end higher in continuous trade.</title>
<headline>Polish shares end higher in continuous trade.</headline>
<dateline>WARSAW 1996-10-08</dateline>
<text>
<p>BIG, Stalexport rose and BPH, Budimex, Debica, Elektrim, Rolimpex and Universal were flat in Warsaw bourse continuous trade.</p>
<p>The remaining two stocks did not trade on Tuesday.</p>
<p>Total turnover amounted to 2.2 million zlotys, up from Monday's 0.7 million.</p>
<p>NFI units fell in a 17.4-million-zloty turnover.</p>
<p>-- Warsaw Newsroom +48 22 653 9700</p>
</text>
<copyright>(c) Reuters Limited 1996</copyright>
<metadata>
<codes class="bip:countries:1.0">
  <code code="POL">
    <editdetail attribution="Reuters BIP Coding Group" action="confirmed" date="1996-10-08"/>
  </code>
</codes>
<codes class="bip:topics:1.0">
  <code code="M11">
    <editdetail attribution="Reuters BIP Coding Group" action="confirmed" date="1996-10-08"/>
  </code>
  <code code="MCAT">
    <editdetail attribution="Reuters BIP Coding Group" action="confirmed" date="1996-10-08"/>
  </code>
</codes>
<dc element="dc.date.created" value="1996-10-08"/>
<dc element="dc.publisher" value="Reuters Holdings Plc"/>
<dc element="dc.date.published" value="1996-10-08"/>
<dc element="dc.source" value="Reuters"/>
<dc element="dc.creator.location" value="WARSAW"/>
<dc element="dc.creator.location.country.name" value="POLAND"/>
<dc element="dc.source" value="Reuters"/>
</metadata>
</newsitem>
