<?xml version="1.0" encoding="iso-8859-1" ?>
<newsitem itemid="102249" id="root" date="1996-10-08" xml:lang="en">
<title>CROATIA: Croatian stocks mostly higher in OTC trade.</title>
<headline>Croatian stocks mostly higher in OTC trade.</headline>
<dateline>ZAGREB 1996-10-08</dateline>
<text>
<p>Following is the closing report for Croatia's over-the-counter share market in Varazdin and its outpost Osijek for Monday, October 7.</p>
<p>* Eight of 12 active issues rose, two were flat and two traded for the first time.</p>
<p>* 10-stock VIN index up 4.14 percent to a new high of 8,081 points.</p>
<p>* Volume 7,716 shares, turnover 434,003.50 German marks.</p>
<p>* Most actively traded textile firm Varteks flat at 20 marks a share on volume of 2,287 units.</p>
<p>* Biggest gainer, hotelier Jadran Crikvenica, rose 66.67 percent to 250 marks with 40 shares sold. It was followed by:</p>
<p>- Riviera, up 34.62 percent to 70 marks on volume of 307,</p>
<p>- Confectioner Kras, up 25.0 percent to 200 marks with 58 shares sold,</p>
<p>- Istraturist, rising 14.04 percent to 65 marks on volume of 1,798 units. In a separate deal, 114 paid and 286 unpaid shares were sold for 9,500 marks.</p>
<p>- Arenaturist, rose 10.0 percent to 55 marks with 417 units traded,</p>
<p>- Cable maker Elka, up 9.09 percent to 60 marks on volume of 485 and hotelier Laguna, also up 9.09 percent to 300 marks on volume of 78 shares,</p>
<p>- Adriatic pipeline operator Janaf, added 4.17 percent to 625 marks with 99 shares sold.</p>
<p>* Food processor Podravka, selling 917 shares, unchanged at 75 marks. A package of 717 unpaid shares went at 15 marks each.</p>
<p>* In a first transaction on the OTC market:</p>
<p>- Hotelier Anita sold 23 shares at 400 marks each</p>
<p>- Tour operator Atlas sold 90 shares at 50 marks. It traded at 150 kuna (42 marks) a share last week on the semi-regulated segment of Zagreb's bourse. -- Kolumbina Bencevic, Zagreb Newsroom, 385-1-4557075</p>
</text>
<copyright>(c) Reuters Limited 1996</copyright>
<metadata>
<codes class="bip:countries:1.0">
  <code code="CRTIA">
    <editdetail attribution="Reuters BIP Coding Group" action="confirmed" date="1996-10-08"/>
  </code>
</codes>
<codes class="bip:topics:1.0">
  <code code="M11">
    <editdetail attribution="Reuters BIP Coding Group" action="confirmed" date="1996-10-08"/>
  </code>
  <code code="MCAT">
    <editdetail attribution="Reuters BIP Coding Group" action="confirmed" date="1996-10-08"/>
  </code>
</codes>
<dc element="dc.date.created" value="1996-10-08"/>
<dc element="dc.publisher" value="Reuters Holdings Plc"/>
<dc element="dc.date.published" value="1996-10-08"/>
<dc element="dc.source" value="Reuters"/>
<dc element="dc.creator.location" value="ZAGREB"/>
<dc element="dc.creator.location.country.name" value="CROATIA"/>
<dc element="dc.source" value="Reuters"/>
</metadata>
</newsitem>
