<?xml version="1.0" encoding="iso-8859-1" ?>
<newsitem itemid="102209" id="root" date="1996-10-08" xml:lang="en">
<title>BELARUS: Belarus rouble unchanged at 14,750 in Minsk.</title>
<headline>Belarus rouble unchanged at 14,750 in Minsk.</headline>
<dateline>MINSK 1996-10-08</dateline>
<text>
<p>The Belarussian rouble was unchanged on the Minsk Interbank Currency Exchange - 14,750 per USA dollar.</p>
<p>				    October 8	     October 7</p>
<p> Rate to dollar		    14,750		  14,750</p>
<p> Volume traded		  $3.232 million	    $2.128 million</p>
<p>--Kiev newsroom, +380 44 229 2264</p>
</text>
<copyright>(c) Reuters Limited 1996</copyright>
<metadata>
<codes class="bip:countries:1.0">
  <code code="BYELRS">
    <editdetail attribution="Reuters BIP Coding Group" action="confirmed" date="1996-10-08"/>
  </code>
</codes>
<codes class="bip:topics:1.0">
  <code code="M13">
    <editdetail attribution="Reuters BIP Coding Group" action="confirmed" date="1996-10-08"/>
  </code>
  <code code="M132">
    <editdetail attribution="Reuters BIP Coding Group" action="confirmed" date="1996-10-08"/>
  </code>
  <code code="MCAT">
    <editdetail attribution="Reuters BIP Coding Group" action="confirmed" date="1996-10-08"/>
  </code>
</codes>
<dc element="dc.date.created" value="1996-10-08"/>
<dc element="dc.publisher" value="Reuters Holdings Plc"/>
<dc element="dc.date.published" value="1996-10-08"/>
<dc element="dc.source" value="Reuters"/>
<dc element="dc.creator.location" value="MINSK"/>
<dc element="dc.creator.location.country.name" value="BELARUS"/>
<dc element="dc.source" value="Reuters"/>
</metadata>
</newsitem>
