<?xml version="1.0" encoding="iso-8859-1" ?>
<newsitem itemid="102355" id="root" date="1996-10-08" xml:lang="en">
<title>ARGENTINA: Daily Argentine grain fixings - Camaras Arbitrales.</title>
<headline>Daily Argentine grain fixings - Camaras Arbitrales.</headline>
<dateline>BUENOS AIRES 1996-10-08</dateline>
<text>
<p>Avg Oct 7 price fix:</p>
<p>		Buenos Aires  Quequen   Rosario   Bahia Blanca</p>
<p> Oats	     unq	   unq	 unq	   unq</p>
<p> Wheat	    159.5	 149.5     unq	   150</p>
<p> Maize (Flint)  130	   133	 128	   133</p>
<p> Maize (Dent)   130	   133	 unq	   133</p>
<p> Sorghum	  unq	   unq	 unq	   unq</p>
<p> Millet	   unq	   unq	 115	   unq</p>
<p> Soybeans	 unq	   unq	 283	   unq</p>
<p> Sunseeds	 219	   211	 219	   211</p>
<p>--Buenos Aires Newsroom +541 318-0655</p>
</text>
<copyright>(c) Reuters Limited 1996</copyright>
<metadata>
<codes class="bip:countries:1.0">
  <code code="ARG">
    <editdetail attribution="Reuters BIP Coding Group" action="confirmed" date="1996-10-08"/>
  </code>
</codes>
<codes class="bip:topics:1.0">
  <code code="M14">
    <editdetail attribution="Reuters BIP Coding Group" action="confirmed" date="1996-10-08"/>
  </code>
  <code code="MCAT">
    <editdetail attribution="Reuters BIP Coding Group" action="confirmed" date="1996-10-08"/>
  </code>
</codes>
<dc element="dc.date.created" value="1996-10-08"/>
<dc element="dc.publisher" value="Reuters Holdings Plc"/>
<dc element="dc.date.published" value="1996-10-08"/>
<dc element="dc.source" value="Reuters"/>
<dc element="dc.creator.location" value="BUENOS AIRES"/>
<dc element="dc.creator.location.country.name" value="ARGENTINA"/>
<dc element="dc.source" value="Reuters"/>
</metadata>
</newsitem>
