<?xml version="1.0" encoding="iso-8859-1" ?>
<newsitem itemid="102365" id="root" date="1996-10-08" xml:lang="en">
<title>BRAZIL: Brazil net dollar inflows at $201.8 mln Oct 7.</title>
<headline>Brazil net dollar inflows at $201.8 mln Oct 7.</headline>
<dateline>SAO PAULO 1996-10-08</dateline>
<text>
<p>Preliminary figures for Brazil's commercial and financial foreign exchange contracts showed a $201.8 million surplus on October 7 in the commercial forex market, according to Central Bank data supplied to banks.</p>
<p>A banker with access to the figures said the central bank issued the following breakdown.</p>
<p>DOLLAR FLOWS ON OCTOBER 7</p>
<p>Exports: $286.8 million</p>
<p>Imports: $182.6 million</p>
<p>Financial buy: $249.3 million</p>
<p>Financial sell: $151.7 million</p>
<p>Surplus: $201.8 million</p>
<p>OCTOBER DOLLAR FLOWS UP TO DATE</p>
<p>Exports: $757 million</p>
<p>Imports: $621 million</p>
<p>Financial buy: $1.098 billion</p>
<p>Financial sell: $673 million</p>
<p>Net surplus: $561 million</p>
<p>Note: the figures were rounded off.</p>
<p>-- Alexandre Caverni, Sao Paulo newsroom, 55-11-2324411</p>
</text>
<copyright>(c) Reuters Limited 1996</copyright>
<metadata>
<codes class="bip:countries:1.0">
  <code code="BRAZ">
    <editdetail attribution="Reuters BIP Coding Group" action="confirmed" date="1996-10-08"/>
  </code>
</codes>
<codes class="bip:topics:1.0">
  <code code="M13">
    <editdetail attribution="Reuters BIP Coding Group" action="confirmed" date="1996-10-08"/>
  </code>
  <code code="M132">
    <editdetail attribution="Reuters BIP Coding Group" action="confirmed" date="1996-10-08"/>
  </code>
  <code code="MCAT">
    <editdetail attribution="Reuters BIP Coding Group" action="confirmed" date="1996-10-08"/>
  </code>
</codes>
<dc element="dc.date.created" value="1996-10-08"/>
<dc element="dc.publisher" value="Reuters Holdings Plc"/>
<dc element="dc.date.published" value="1996-10-08"/>
<dc element="dc.source" value="Reuters"/>
<dc element="dc.creator.location" value="SAO PAULO"/>
<dc element="dc.creator.location.country.name" value="BRAZIL"/>
<dc element="dc.source" value="Reuters"/>
</metadata>
</newsitem>
