<?xml version="1.0" encoding="iso-8859-1" ?>
<newsitem itemid="102437" id="root" date="1996-10-08" xml:lang="en">
<title>SINGAPORE: Singapore bourse to launch regional share index.</title>
<headline>Singapore bourse to launch regional share index.</headline>
<dateline>SINGAPORE 1996-10-08</dateline>
<text>
<p>The Stock Exchange of Singapore (SES) said on Tuesday it and Singapore Press Holdings (SPH) will launch a regional share index to monitor the performance of Singapore-listed companies with substantial regional operations.</p>
<p>Details of the Business Times Singapore Regional Index (BT-SRI) would be announced on October 15 at a function sponsored jointly by the SES and SPH, the publishers of the Business Times, the exchange said in a statement.  </p>
<p>&quot;The BT-SRI will provide fund managers a meaningful benchmark to measure the performance of their equity investments in Asia,&quot; the statement said.</p>
<p>-- Singapore newsroom (65 8703199)</p>
</text>
<copyright>(c) Reuters Limited 1996</copyright>
<metadata>
<codes class="bip:countries:1.0">
  <code code="SINGP">
    <editdetail attribution="Reuters BIP Coding Group" action="confirmed" date="1996-10-08"/>
  </code>
</codes>
<codes class="bip:industries:1.0">
  <code code="I47510">
    <editdetail attribution="Reuters BIP Coding Group" action="confirmed" date="1996-10-08"/>
  </code>
  <code code="I83100">
    <editdetail attribution="Reuters BIP Coding Group" action="confirmed" date="1996-10-08"/>
  </code>
</codes>
<codes class="bip:topics:1.0">
  <code code="C11">
    <editdetail attribution="Reuters BIP Coding Group" action="confirmed" date="1996-10-08"/>
  </code>
  <code code="C22">
    <editdetail attribution="Reuters BIP Coding Group" action="confirmed" date="1996-10-08"/>
  </code>
  <code code="CCAT">
    <editdetail attribution="Reuters BIP Coding Group" action="confirmed" date="1996-10-08"/>
  </code>
  <code code="M11">
    <editdetail attribution="Reuters BIP Coding Group" action="confirmed" date="1996-10-08"/>
  </code>
  <code code="MCAT">
    <editdetail attribution="Reuters BIP Coding Group" action="confirmed" date="1996-10-08"/>
  </code>
</codes>
<dc element="dc.date.created" value="1996-10-08"/>
<dc element="dc.publisher" value="Reuters Holdings Plc"/>
<dc element="dc.date.published" value="1996-10-08"/>
<dc element="dc.source" value="Reuters"/>
<dc element="dc.creator.location" value="SINGAPORE"/>
<dc element="dc.creator.location.country.name" value="SINGAPORE"/>
<dc element="dc.source" value="Reuters"/>
</metadata>
</newsitem>
