<?xml version="1.0" encoding="iso-8859-1" ?>
<newsitem itemid="102544" id="root" date="1996-10-08" xml:lang="en">
<title>USA: NY money closing - Oct 08/96.</title>
<headline>NY money closing - Oct 08/96.</headline>
<text>
<p>TREASURY BILLS----</p>
<p>090 days  5.00-4.99</p>
<p>180 days  5.10-5.09</p>
<p>360 days  5.25-5.24</p>
<p>PRIMARY CERTIFICATES OF DEPOSIT</p>
<p> 30-59   days 4.95</p>
<p> 60-89   days 5.00</p>
<p>90-119  days 5.05</p>
<p>120-149 days 5.15</p>
<p>150-179 days 5.20</p>
<p>180-269 days 5.25</p>
<p>270-359 days 5.40</p>
<p>360-390 days 5.50</p>
<p>COMMERCIAL PAPER THROUGH DEALERS</p>
<p>30-59  days  5.20</p>
<p>60-89  days  5.22</p>
<p>90-179 days  5.27</p>
<p>COMMERCIAL PAPER PLACED DIRECTLY</p>
<p>30-59  days 5.20</p>
<p>60-89  days 5.22</p>
<p>90-119 days 5.27</p>
<p>120-179 days 5.28</p>
<p>180-239 days 5.32</p>
<p>240-269 days 5.35</p>
<p>BANKERS ACCEPTANCES (TOP NAME DEALERS BIDS)</p>
<p> 30-59   days 5.28</p>
<p> 60-89   days 5.32</p>
<p>90-119  days 5.34</p>
<p>120-149 days 5.38</p>
<p>150-179 days 5.39</p>
<p>180-209 days 5.40</p>
<p>BANKERS ACCEPTANCES (BANKS BIDS/ASK)</p>
<p> 30-59   days 5.30/5.20</p>
<p> 60-89   days 5.32/5.22</p>
<p>90-119  days 5.36/5.26</p>
<p>120-149 days 5.38/5.28</p>
<p>150-179 days 5.40/5.30</p>
<p> 180-    days 5.42/5.32</p>
<p>Federal Funds at 1645: LAST 5</p>
<p>HIGH 5 1/8  LOW 5</p>
<p>PRIME RATE  8.25 - eff feb 01/96</p>
<p>BROKER LOAN RATE 7.00</p>
</text>
<copyright>(c) Reuters Limited 1996</copyright>
<metadata>
<codes class="bip:countries:1.0">
  <code code="USA">
    <editdetail attribution="Reuters BIP Coding Group" action="confirmed" date="1996-10-08"/>
  </code>
</codes>
<codes class="bip:topics:1.0">
  <code code="M13">
    <editdetail attribution="Reuters BIP Coding Group" action="confirmed" date="1996-10-08"/>
  </code>
  <code code="M131">
    <editdetail attribution="Reuters BIP Coding Group" action="confirmed" date="1996-10-08"/>
  </code>
  <code code="MCAT">
    <editdetail attribution="Reuters BIP Coding Group" action="confirmed" date="1996-10-08"/>
  </code>
</codes>
<dc element="dc.publisher" value="Reuters Holdings Plc"/>
<dc element="dc.date.published" value="1996-10-08"/>
<dc element="dc.source" value="Reuters"/>
<dc element="dc.creator.location.country.name" value="USA"/>
<dc element="dc.source" value="Reuters"/>
</metadata>
</newsitem>
