<?xml version="1.0" encoding="iso-8859-1" ?>
<newsitem itemid="102723" id="root" date="1996-10-08" xml:lang="en">
<title>USA: Dynatec to acquire Nordic Lites.</title>
<headline>Dynatec to acquire Nordic Lites.</headline>
<dateline>SALT LAKE CITY 1996-10-08</dateline>
<text>
<p>Dynatec said on Tuesday it has ented a tentative deal to buy the principal assets of Nordic Lites, a maker of flashlight products based in Fort Worth, Texas, for an undisclosed number of Dynatech restricted common shares.</p>
<p>It is anticipated that a definitive purchase agreement will be completed before the end of the month.</p>
<p>No assurance can be given that a definitive agreement will be completed, or that contingencies will be satisfied, Dynatec said. However, principals of both companies are optimistic that the transaction will be completed.</p>
</text>
<copyright>(c) Reuters Limited 1996</copyright>
<metadata>
<codes class="bip:countries:1.0">
  <code code="USA">
    <editdetail attribution="Reuters BIP Coding Group" action="confirmed" date="1996-10-08"/>
  </code>
</codes>
<codes class="bip:industries:1.0">
  <code code="I34400">
    <editdetail attribution="Reuters BIP Coding Group" action="confirmed" date="1996-10-08"/>
  </code>
</codes>
<codes class="bip:topics:1.0">
  <code code="C18">
    <editdetail attribution="Reuters BIP Coding Group" action="confirmed" date="1996-10-08"/>
  </code>
  <code code="C181">
    <editdetail attribution="Reuters BIP Coding Group" action="confirmed" date="1996-10-08"/>
  </code>
  <code code="CCAT">
    <editdetail attribution="Reuters BIP Coding Group" action="confirmed" date="1996-10-08"/>
  </code>
</codes>
<dc element="dc.date.created" value="1996-10-08"/>
<dc element="dc.publisher" value="Reuters Holdings Plc"/>
<dc element="dc.date.published" value="1996-10-08"/>
<dc element="dc.source" value="Reuters"/>
<dc element="dc.creator.location" value="SALT LAKE CITY"/>
<dc element="dc.creator.location.country.name" value="USA"/>
<dc element="dc.source" value="Reuters"/>
</metadata>
</newsitem>
