<?xml version="1.0" encoding="iso-8859-1" ?>
<newsitem itemid="102703" id="root" date="1996-10-08" xml:lang="en">
<title>USA: CBOT grain/oilseed receipts and shipments.</title>
<headline>CBOT grain/oilseed receipts and shipments.</headline>
<dateline>CHICAGO 1996-10-08</dateline>
<text>
<p>Grain and soybean receipts and shipments, in bushels, at delivery locations for the previous trading day, according to the Chicago Board of Trade -</p>
<p>		     Receipts	  Shipments</p>
<p>Wheat</p>
<p>Chicago		7,747		   0</p>
<p>St. Louis	  146,769	   106,958</p>
<p>Toledo		20,853	   111,916</p>
<p>Corn</p>
<p>Chicago		6,693	    60,391</p>
<p>St. Louis	  629,654	   700,234</p>
<p>Toledo		42,796	     4,444</p>
<p>Oats</p>
<p>Chicago		    0		   0</p>
<p>Minneapolis	368,545	   139,923</p>
<p>Soybeans</p>
<p>Chicago	    154,699		   0</p>
<p>St. Louis	  474,473	   506,061</p>
<p>Toledo	   1,708,960	   677,201</p>
<p>(Chicago Newsdesk 312-408-8720)</p>
</text>
<copyright>(c) Reuters Limited 1996</copyright>
<metadata>
<codes class="bip:countries:1.0">
  <code code="USA">
    <editdetail attribution="Reuters BIP Coding Group" action="confirmed" date="1996-10-08"/>
  </code>
</codes>
<codes class="bip:topics:1.0">
  <code code="M14">
    <editdetail attribution="Reuters BIP Coding Group" action="confirmed" date="1996-10-08"/>
  </code>
  <code code="M141">
    <editdetail attribution="Reuters BIP Coding Group" action="confirmed" date="1996-10-08"/>
  </code>
  <code code="MCAT">
    <editdetail attribution="Reuters BIP Coding Group" action="confirmed" date="1996-10-08"/>
  </code>
</codes>
<dc element="dc.date.created" value="1996-10-08"/>
<dc element="dc.publisher" value="Reuters Holdings Plc"/>
<dc element="dc.date.published" value="1996-10-08"/>
<dc element="dc.source" value="Reuters"/>
<dc element="dc.creator.location" value="CHICAGO"/>
<dc element="dc.creator.location.country.name" value="USA"/>
<dc element="dc.source" value="Reuters"/>
</metadata>
</newsitem>
