<?xml version="1.0" encoding="iso-8859-1" ?>
<newsitem itemid="102751" id="root" date="1996-10-08" xml:lang="en">
<title>USA: U.S. weekly national grain stocks by region - USDA.</title>
<headline>U.S. weekly national grain stocks by region - USDA.</headline>
<dateline>PORTLAND 1996-10-08</dateline>
<text>
<p>National stocks of grain, in thousand bushels, as reported by the USDA.</p>
<p>		   Wheat   Corn  Soybeans Pct filled</p>
<p> Atlantic cst    2577   1404	80    44</p>
<p> Great Lakes    28901    480    1986    18</p>
<p> River Points   17733   3220    5766    19</p>
<p> Southwest	18137   7117     279    18</p>
<p> Gulf Points    19731   3381    1465    29</p>
<p> Plains Area    36401   5276    1490    18</p>
<p> Pacific NW     10052     44     unq    34</p>
<p> Grand Total   133532  20922   11066    20</p>
<p>--Chicago newsdesk 312-983-7278--</p>
</text>
<copyright>(c) Reuters Limited 1996</copyright>
<metadata>
<codes class="bip:countries:1.0">
  <code code="USA">
    <editdetail attribution="Reuters BIP Coding Group" action="confirmed" date="1996-10-08"/>
  </code>
</codes>
<codes class="bip:topics:1.0">
  <code code="M14">
    <editdetail attribution="Reuters BIP Coding Group" action="confirmed" date="1996-10-08"/>
  </code>
  <code code="M141">
    <editdetail attribution="Reuters BIP Coding Group" action="confirmed" date="1996-10-08"/>
  </code>
  <code code="MCAT">
    <editdetail attribution="Reuters BIP Coding Group" action="confirmed" date="1996-10-08"/>
  </code>
</codes>
<dc element="dc.date.created" value="1996-10-08"/>
<dc element="dc.publisher" value="Reuters Holdings Plc"/>
<dc element="dc.date.published" value="1996-10-08"/>
<dc element="dc.source" value="Reuters"/>
<dc element="dc.creator.location" value="PORTLAND"/>
<dc element="dc.creator.location.country.name" value="USA"/>
<dc element="dc.source" value="Reuters"/>
</metadata>
</newsitem>
