<?xml version="1.0" encoding="iso-8859-1" ?>
<newsitem itemid="103048" id="root" date="1996-10-08" xml:lang="en">
<title>PAKISTAN: Karachi port handles 26,437 tonnes cargo.</title>
<headline>Karachi port handles 26,437 tonnes cargo.</headline>
<dateline>KARACHI, Pakistan 1996-10-08</dateline>
<text>
<p>Pakistan's Karachi Port Trust said it had handled 26,437 tonnes of export and import cargo in the 24 hours to 7 a.m. (0200 GMT) on Tuesday compared to 55,388 tonnes in the same period on Monday.</p>
<p>Cargo handling in tonnes:</p>
<p>				     Tuesday    October 7</p>
<p>    Export cargo		 6,559	 5,989</p>
<p>    Import cargo		19,878	49,399</p>
<p>In the past 24 hours, five ships sailed and six berthed. In the next 24 hours, three were expected to sail and 10 were expected to arrive.  </p>
<p>Berthing schedule of major vessels unloading or expected to unload at Karachi Port:</p>
<p>    Commodity	  Tonnes/TEUs  Ship		   Berthing</p>
<p>Sugar		    14,000	 Azovlloyed	   8/10</p>
<p>Sugar		    12,500	 Arab		   8/10</p>
<p>High speed diesel    58,400	 Konpolis	     9/10</p>
<p>Furnace oil	    42,000	 Probe Hawk	  11/10</p>
<p>High speed diesel    26,000	 Sand Gate	   11/10</p>
<p>Containers		  435	 Elisabeth Schulte 11/10</p>
<p>-- Karachi newsroom 9221-5685192</p>
</text>
<copyright>(c) Reuters Limited 1996</copyright>
<metadata>
<codes class="bip:countries:1.0">
  <code code="PAKIS">
    <editdetail attribution="Reuters BIP Coding Group" action="confirmed" date="1996-10-08"/>
  </code>
</codes>
<codes class="bip:industries:1.0">
  <code code="I76300">
    <editdetail attribution="Reuters BIP Coding Group" action="confirmed" date="1996-10-08"/>
  </code>
</codes>
<codes class="bip:topics:1.0">
  <code code="C31">
    <editdetail attribution="Reuters BIP Coding Group" action="confirmed" date="1996-10-08"/>
  </code>
  <code code="CCAT">
    <editdetail attribution="Reuters BIP Coding Group" action="confirmed" date="1996-10-08"/>
  </code>
  <code code="M14">
    <editdetail attribution="Reuters BIP Coding Group" action="confirmed" date="1996-10-08"/>
  </code>
  <code code="MCAT">
    <editdetail attribution="Reuters BIP Coding Group" action="confirmed" date="1996-10-08"/>
  </code>
</codes>
<dc element="dc.date.created" value="1996-10-08"/>
<dc element="dc.publisher" value="Reuters Holdings Plc"/>
<dc element="dc.date.published" value="1996-10-08"/>
<dc element="dc.source" value="Reuters"/>
<dc element="dc.creator.location" value="KARACHI, Pakistan"/>
<dc element="dc.creator.location.country.name" value="PAKISTAN"/>
<dc element="dc.source" value="Reuters"/>
</metadata>
</newsitem>
