<?xml version="1.0" encoding="iso-8859-1" ?>
<newsitem itemid="103056" id="root" date="1996-10-08" xml:lang="en">
<title>INDIA: Delhi shares rebound on mutual fund buying.</title>
<headline>Delhi shares rebound on mutual fund buying.</headline>
<dateline>NEW DELHI 1996-10-08</dateline>
<text>
<p>Strong buying by domestic financial institutions coupled with short covering by speculators reversed early losses and drove share prices to a higher close on the Delhi Stock Exchange, brokers said.</p>
<p>The bourse's benchmark index closed 3.38 points higher at 683.20.  </p>
<p>&quot;The emergence of financial house buying to check the persistent fall in the share prices and purchases by speculators in the wake of rising trends revived the depressed market,&quot; said Atul Sondhi of brokers Santur Financial Services.</p>
<p>Traders said the reprieve could prove temporary as the market was still on edge over political uncertainty.</p>
<p>Former prime minister P.V. Narasimha Rao's legal woes in two separate criminal cases have kept financial markets on the tenterhooks.</p>
<p>Prime Minister H.D. Deve Gowda's centre-left coalition depends on the support of Congress to survive in parliament against a challenge from the Hindu nationalist Bharatiya Janata Party (BJP).</p>
<p>The market anticipates stains between Congress and Deve Gowda's minority coalition.</p>
<p>Reliance Industries inched up 0.40 rupee to 188 rupees.</p>
<p>ACC gained 25 rupees to close at 1,690, while Apollo tyres quoted 7.25 rupees higher at 119.75 on institutional support, brokers said.</p>
<p>TELCO rose 8.0 rupees to 403 and Hindustan Lever gained 10.25 rupees to 775.50.</p>
<p>However Larsen and Toubro bucked the trend to quote 5.25 rupees lower at 209.</p>
<p>-- New Delhi newsroom +91-11 301 2024</p>
</text>
<copyright>(c) Reuters Limited 1996</copyright>
<metadata>
<codes class="bip:countries:1.0">
  <code code="INDIA">
    <editdetail attribution="Reuters BIP Coding Group" action="confirmed" date="1996-10-08"/>
  </code>
</codes>
<codes class="bip:topics:1.0">
  <code code="M11">
    <editdetail attribution="Reuters BIP Coding Group" action="confirmed" date="1996-10-08"/>
  </code>
  <code code="MCAT">
    <editdetail attribution="Reuters BIP Coding Group" action="confirmed" date="1996-10-08"/>
  </code>
</codes>
<dc element="dc.date.created" value="1996-10-08"/>
<dc element="dc.publisher" value="Reuters Holdings Plc"/>
<dc element="dc.date.published" value="1996-10-08"/>
<dc element="dc.source" value="Reuters"/>
<dc element="dc.creator.location" value="NEW DELHI"/>
<dc element="dc.creator.location.country.name" value="INDIA"/>
<dc element="dc.source" value="Reuters"/>
</metadata>
</newsitem>
