<?xml version="1.0" encoding="iso-8859-1" ?>
<newsitem itemid="103158" id="root" date="1996-10-08" xml:lang="en">
<title>CANADA: Corel says launches CorelDRAW 7.</title>
<headline>Corel says launches CorelDRAW 7.</headline>
<dateline>OTTAWA 1996-10-08</dateline>
<text>
<p>Corel Corp said it will begin shipping CorelDRAW 7, the latest version of its flagship product, by mid-November.</p>
<p>The product, which was launched on Tuesday, will carry a suggested list price of US$695.</p>
<p>CorelDRAW 7 is designed for Windows 95 and Windows NT 4.0.</p>
<p>-- Reuters Toronto Bureau (416) 941-8100</p>
</text>
<copyright>(c) Reuters Limited 1996</copyright>
<metadata>
<codes class="bip:countries:1.0">
  <code code="CANA">
    <editdetail attribution="Reuters BIP Coding Group" action="confirmed" date="1996-10-08"/>
  </code>
</codes>
<codes class="bip:industries:1.0">
  <code code="I33020">
    <editdetail attribution="Reuters BIP Coding Group" action="confirmed" date="1996-10-08"/>
  </code>
  <code code="I3302021">
    <editdetail attribution="Reuters BIP Coding Group" action="confirmed" date="1996-10-08"/>
  </code>
</codes>
<codes class="bip:topics:1.0">
  <code code="C22">
    <editdetail attribution="Reuters BIP Coding Group" action="confirmed" date="1996-10-08"/>
  </code>
  <code code="CCAT">
    <editdetail attribution="Reuters BIP Coding Group" action="confirmed" date="1996-10-08"/>
  </code>
</codes>
<dc element="dc.date.created" value="1996-10-08"/>
<dc element="dc.publisher" value="Reuters Holdings Plc"/>
<dc element="dc.date.published" value="1996-10-08"/>
<dc element="dc.source" value="Reuters"/>
<dc element="dc.creator.location" value="OTTAWA"/>
<dc element="dc.creator.location.country.name" value="CANADA"/>
<dc element="dc.source" value="Reuters"/>
</metadata>
</newsitem>
