<?xml version="1.0" encoding="iso-8859-1" ?>
<newsitem itemid="103277" id="root" date="1996-10-08" xml:lang="en">
<title>USA: Mississippi Chemical to trade on NYSE.</title>
<headline>Mississippi Chemical to trade on NYSE.</headline>
<dateline>NEW YORK 1996-10-08</dateline>
<text>
<p>Mississippi Chemical Corp said its shares were scheduled to begin trading on the New York Stock Exchange on October 10 under the ticker symbol &quot;GRO.&quot;</p>
<p>The fertilizer maker, whose shares had been trading on the NASDAQ National Market under the symbol &quot;MISS,&quot; had filed for a listing on the other exchange last month.</p>
<p>It had about 21.3 million shares outstanding at the end of June.</p>
</text>
<copyright>(c) Reuters Limited 1996</copyright>
<metadata>
<codes class="bip:countries:1.0">
  <code code="USA">
    <editdetail attribution="Reuters BIP Coding Group" action="confirmed" date="1996-10-08"/>
  </code>
</codes>
<codes class="bip:industries:1.0">
  <code code="I25130">
    <editdetail attribution="Reuters BIP Coding Group" action="confirmed" date="1996-10-08"/>
  </code>
</codes>
<codes class="bip:topics:1.0">
  <code code="C14">
    <editdetail attribution="Reuters BIP Coding Group" action="confirmed" date="1996-10-08"/>
  </code>
  <code code="CCAT">
    <editdetail attribution="Reuters BIP Coding Group" action="confirmed" date="1996-10-08"/>
  </code>
</codes>
<dc element="dc.date.created" value="1996-10-08"/>
<dc element="dc.publisher" value="Reuters Holdings Plc"/>
<dc element="dc.date.published" value="1996-10-08"/>
<dc element="dc.source" value="Reuters"/>
<dc element="dc.creator.location" value="NEW YORK"/>
<dc element="dc.creator.location.country.name" value="USA"/>
<dc element="dc.source" value="Reuters"/>
</metadata>
</newsitem>
