<?xml version="1.0" encoding="iso-8859-1" ?>
<newsitem itemid="103237" id="root" date="1996-10-08" xml:lang="en">
<title>USA: Thomas Group sees 2nd half below estimates.</title>
<headline>Thomas Group sees 2nd half below estimates.</headline>
<dateline>IRVING, Texas 1996-10-08</dateline>
<text>
<p>Thomas Group Inc said Tuesday that it expects second half sales and earnings to be below analysts' projections but above 1995 levels.</p>
<p>First Call consensus put the company's third quarter earnings at $0.33 per share and fourth quarter earnings at $0.37 per share.</p>
<p>First Call listed the company's year-ago figures as $0.25 per share in the third quarter and $0.33 per share in the fourth quarter.  </p>
<p>The company said timing in the receipt of performance oriented fees, program starts and software sales affected third quarter earnings, but did not provide an estimate.</p>
<p>The company said it remains optimistic that its revenue will continue growing more than 20 percent annually.</p>
<p>The company said it will release third quarter results no later than November 7.</p>
</text>
<copyright>(c) Reuters Limited 1996</copyright>
<metadata>
<codes class="bip:countries:1.0">
  <code code="USA">
    <editdetail attribution="Reuters BIP Coding Group" action="confirmed" date="1996-10-08"/>
  </code>
</codes>
<codes class="bip:industries:1.0">
  <code code="I83951">
    <editdetail attribution="Reuters BIP Coding Group" action="confirmed" date="1996-10-08"/>
  </code>
</codes>
<codes class="bip:topics:1.0">
  <code code="C15">
    <editdetail attribution="Reuters BIP Coding Group" action="confirmed" date="1996-10-08"/>
  </code>
  <code code="C152">
    <editdetail attribution="Reuters BIP Coding Group" action="confirmed" date="1996-10-08"/>
  </code>
  <code code="CCAT">
    <editdetail attribution="Reuters BIP Coding Group" action="confirmed" date="1996-10-08"/>
  </code>
</codes>
<dc element="dc.date.created" value="1996-10-08"/>
<dc element="dc.publisher" value="Reuters Holdings Plc"/>
<dc element="dc.date.published" value="1996-10-08"/>
<dc element="dc.source" value="Reuters"/>
<dc element="dc.creator.location" value="IRVING, Texas"/>
<dc element="dc.creator.location.country.name" value="USA"/>
<dc element="dc.source" value="Reuters"/>
</metadata>
</newsitem>
