<?xml version="1.0" encoding="iso-8859-1" ?>
<newsitem itemid="103531" id="root" date="1996-10-08" xml:lang="en">
<title>GERMANY: BASF to cut sick pay, pending union talks.</title>
<headline>BASF to cut sick pay, pending union talks.</headline>
<dateline>LUDWIGSHAFEN, Germany 1996-10-08</dateline>
<text>
<p>German chemicals group BASF AG said on Tuesday it planned to reduce its sick pay allowance to 80 percent of normal pay from November 1, but would first discuss the plans with unions.</p>
<p>In a statement, BASF said it reached the decision to cut sick pay from the current 100 percent at a board meeting on Tuesday, but would take into account a meeting on October 25 between the chemical industry and its unions.  </p>
<p>BASF is the latest in a series of companies to decide to implement legislation allowing a reduction in sick pay, which has attracted harsh criticism from unions fearing the dismantling of Germany's famed social welfare system.</p>
<p>BASF said that unlike other industries, the chemical industry could implement the legislation without breaching existing contracts.</p>
<p>Employees could compensate for the loss of income by foregoing one regular day of holiday for every five sick days, BASF said. The pay reduction would not apply in cases of work-related accidents or illnesses.</p>
<p>In a separate statement, representatives of BASF's works council and the local branch of chemical union IG Chemie said they were &quot;angry and disappointed&quot; at BASF's decision and described it as a &quot;slap in the face&quot; for loyal workers.</p>
<p>--Frankfurt Newsroom, +49 69 756525</p>
</text>
<copyright>(c) Reuters Limited 1996</copyright>
<metadata>
<codes class="bip:countries:1.0">
  <code code="GFR">
    <editdetail attribution="Reuters BIP Coding Group" action="confirmed" date="1996-10-08"/>
  </code>
</codes>
<codes class="bip:industries:1.0">
  <code code="I25000">
    <editdetail attribution="Reuters BIP Coding Group" action="confirmed" date="1996-10-08"/>
  </code>
</codes>
<codes class="bip:topics:1.0">
  <code code="C42">
    <editdetail attribution="Reuters BIP Coding Group" action="confirmed" date="1996-10-08"/>
  </code>
  <code code="CCAT">
    <editdetail attribution="Reuters BIP Coding Group" action="confirmed" date="1996-10-08"/>
  </code>
  <code code="E41">
    <editdetail attribution="Reuters BIP Coding Group" action="confirmed" date="1996-10-08"/>
  </code>
  <code code="ECAT">
    <editdetail attribution="Reuters BIP Coding Group" action="confirmed" date="1996-10-08"/>
  </code>
  <code code="GCAT">
    <editdetail attribution="Reuters BIP Coding Group" action="confirmed" date="1996-10-08"/>
  </code>
  <code code="GJOB">
    <editdetail attribution="Reuters BIP Coding Group" action="confirmed" date="1996-10-08"/>
  </code>
</codes>
<dc element="dc.date.created" value="1996-10-08"/>
<dc element="dc.publisher" value="Reuters Holdings Plc"/>
<dc element="dc.date.published" value="1996-10-08"/>
<dc element="dc.source" value="Reuters"/>
<dc element="dc.creator.location" value="LUDWIGSHAFEN, Germany"/>
<dc element="dc.creator.location.country.name" value="GERMANY"/>
<dc element="dc.source" value="Reuters"/>
</metadata>
</newsitem>
