<?xml version="1.0" encoding="iso-8859-1" ?>
<newsitem itemid="103712" id="root" date="1996-10-08" xml:lang="en">
<title>FINLAND: FINNISH ECONOMIC INDICATORS - UPDATED OCT 8.</title>
<headline>FINNISH ECONOMIC INDICATORS - UPDATED OCT 8.</headline>
<text>
<p>NEXT SCHEDULED UPDATES</p>
<p>-- October 14, September construction costs (SF)</p>
<p>LATEST ECONOMIC INDICATORS:</p>
<p> BoF base rate	4.00 pct (fell from 4.50 pct on Sept 16)</p>
<p> BoF tender rate    3.10 pct (fell from 3.25 pct on Sept 18)</p>
<p>			    MONTH/MONTH CHANGE	YEAR/YEAR CHANGE</p>
<p> CPI		    Aug  -0.2% (July -0.1%)   +0.4% (July +0.5%)</p>
<p> EU-harmonised CPI  Aug  -0.2% (July -0.2%)   +1.1% (July +1.1%)</p>
<p>Bk Finland core</p>
<p>    inflation	 July (mth/mth N/A)	  +0.0% (June +0.1%)</p>
<p> PPI		    July -0.6% (June -0.5%)   -0.7% (June +/-0%)</p>
<p> Export prices	July -1.4% (June -0.4%)   -0.3% (June +1.9%)</p>
<p> Import prices	July +0.1% (June -0.1%)   +2.2% (June +1.5%)</p>
<p> Wholesale prices   July +0.4% (June -0.4%)   +0.5% (June +/-0%)</p>
<p> Wholesale volume			     July  +6.7% (June -6.8%)</p>
<p> Retail sales volume			  July  +8.4% (June +1.8%)</p>
<p> Construction costs Aug +0.2% (July +0.2%)    -0.9% (July -1.0%)</p>
<p> Industrial output  July (mth/mth N/A)	  +5.0% (June +4.4%)</p>
<p> GDP		    July +0.5% (June +0.4%)   +3.9% (June +2.4%)</p>
<p>			  Q2/96: +1.6%   Q1/96: +1.4%   Q4/95: +1.9%</p>
<p>			  1995: +4.1%    1994: +4.4%    1993: -1.2%</p>
<p>Unemployment rate  Aug 15.9% (July 15.9%) Statistics Finland</p>
<p>			  Aug 17.2% (July 18.4%) Labour Ministry</p>
<p>Trade balance (mk) June +5.82 bln (NCB) (May +4.59 bln)</p>
<p>			  1995 +48.3 bln   1994 +33.6 bln</p>
<p>			  Aug +3.5 bln (Bank of Finland estimate)</p>
<p>			  (July +3.8 bln)</p>
<p> C/A balance (mk)   Aug +2.3 bln (Bank of Finland estimate)</p>
<p>			  (July +1.9 bln)</p>
<p>			  1995 +25.6 bln   1994 +6.6 bln</p>
<p> Consumer confidence	 Sept 14.2 points (Aug 12.9 points)</p>
<p>SOVEREIGN CREDIT RATINGS</p>
<p>Long term foreign currency loan ratings:</p>
<p> Standard &amp; Poor's    AA-/outlook positive</p>
<p>			    outlook changed from stable August/95</p>
<p> Moody's		  Aa2</p>
<p>			    issued January/92</p>
<p> IBCA		     AA/outlook positive</p>
<p>			    issued March/96</p>
<p>RECENT FORECASTS FOR THE FINNISH ECONOMY 1996-1997</p>
<p>(yr/yr changes in pct unless stated):</p>
<p>    1996:	F.Min   ETLA   PTT    PT  Merita   OKO    PSP</p>
<p> GDP		+2.8   +2.5    +2  +2.5    +2   +2.5   +2.3</p>
<p> Exports	  +2.3     +3    +1    +2     +2     +1   -0.4</p>
<p> Imports	  +5.5     +5    +5    +4     +4     +4   +1.6</p>
<p> Cons/priv	+3.9     +3  +2.5    +3   +2.5     +4   +3.8</p>
<p> Investment     +9.2     +7    +9    +7     +5     +6   +2.4</p>
<p> C/A (bln mk)  +19.8    +24    +9   +23    +21    +22  +20.4</p>
<p> CPI		+0.8     +1    +1  +0.5   +0.8     +1   +0.8</p>
<p> Jobless	  16.4   16.5    17  16.4   16.5   16.5   16.7</p>
<p>    1997:	F.Min   ETLA   PTT    PT  Merita   OKO    PSP</p>
<p> GDP		+3.9   +3.5  +2.5  +3.5   +3.5   +4.0   +3.0</p>
<p> Exports	  +5.9     +5    +5    +4     +5     +6   +4.0</p>
<p> Imports	  +7.0     +6  +4.5    +6     +6     +7   +2.6</p>
<p> Cons/priv	+3.8     +3  +2.5  +3.5     +3   +3.5   +3.0</p>
<p> Investment    +10.5     +9    +3    +5     +8     +7   +2.2</p>
<p> C/A (bln mk)  +21.2    +24  +9.5   +22    +20    +25  +24.8</p>
<p> CPI		+1.5     +2  +1.5  +1.5   +1.5     +2   +1.4</p>
<p> Jobless	  15.4     16  16.5  15.5   15.5   15.5   15.8</p>
<p>F.Min =Finance Ministry (Sept 3)</p>
<p>ETLA = Research Institute of the Finnish Economy (Sept 4)</p>
<p>PTT = Pellervo Economic Research Institute (April 19)(update</p>
<p>	 due in mid-October)</p>
<p>PT = Labour Institute for Economic Research (October 7)</p>
<p>Merita = Merita Bank Economic Research (August 15)</p>
<p>OKO = OKOBANK Economic Research (September 16)</p>
<p>PSP = Postipankki (Aug 28)</p>
<p>-- Helsinki Newsroom  +358-0-680 50 245</p>
</text>
<copyright>(c) Reuters Limited 1996</copyright>
<metadata>
<codes class="bip:countries:1.0">
  <code code="FIN">
    <editdetail attribution="Reuters BIP Coding Group" action="confirmed" date="1996-10-08"/>
  </code>
</codes>
<codes class="bip:topics:1.0">
  <code code="E71">
    <editdetail attribution="Reuters BIP Coding Group" action="confirmed" date="1996-10-08"/>
  </code>
  <code code="ECAT">
    <editdetail attribution="Reuters BIP Coding Group" action="confirmed" date="1996-10-08"/>
  </code>
</codes>
<dc element="dc.publisher" value="Reuters Holdings Plc"/>
<dc element="dc.date.published" value="1996-10-08"/>
<dc element="dc.source" value="Reuters"/>
<dc element="dc.creator.location.country.name" value="FINLAND"/>
<dc element="dc.source" value="Reuters"/>
</metadata>
</newsitem>
