<?xml version="1.0" encoding="iso-8859-1" ?>
<newsitem itemid="10371" id="root" date="1996-08-23" xml:lang="en">
<title>HONG KONG: Tak Sing Alliance year net up 17.04 pct.</title>
<headline>Tak Sing Alliance year net up 17.04 pct.</headline>
<dateline>HONG KONG 1996-08-23</dateline>
<text>
<p>Year ended March 31</p>
<p>(in million HK$ unless stated)</p>
<p>    Shr (H.K. cents)	   35.94  vs 30.74</p>
<p>    Dividend (H.K. cents)    10.0   vs 10.0</p>
<p>    Exceptional items	  nil    vs 2.47 gain</p>
<p>    Net			    42.15  vs 36.01</p>
<p>    Turnover		     953.46 vs 845.29</p>
<p>    Company name		 Tak Sing Alliance Holdings Ltd</p>
<p>    Books close		  September 20-26</p>
<p>    Dividend payable	   November 15</p>
<p>NOTE - Tak Sing Alliance is a garment designer, manufacturer and retailer.</p>
<p>Total dividend for year is 12 H.K. cents (including interim dividend of two cents) vs 15 cents.</p>
<p>-- Hong Kong News Room (852) 2843 6368</p>
</text>
<copyright>(c) Reuters Limited 1996</copyright>
<metadata>
<codes class="bip:countries:1.0">
  <code code="HKONG">
    <editdetail attribution="Reuters BIP Coding Group" action="confirmed" date="1996-08-23"/>
  </code>
</codes>
<codes class="bip:topics:1.0">
  <code code="C151">
    <editdetail attribution="Reuters BIP Coding Group" action="confirmed" date="1996-08-23"/>
  </code>
  <code code="C1511">
    <editdetail attribution="Reuters BIP Coding Group" action="confirmed" date="1996-08-23"/>
  </code>
</codes>
<dc element="dc.date.created" value="1996-08-23"/>
<dc element="dc.publisher" value="Reuters Holdings Plc"/>
<dc element="dc.date.published" value="1996-08-23"/>
<dc element="dc.source" value="Reuters"/>
<dc element="dc.creator.location" value="HONG KONG"/>
<dc element="dc.creator.location.country.name" value="HONG KONG"/>
<dc element="dc.source" value="Reuters"/>
</metadata>
</newsitem>
