<?xml version="1.0" encoding="iso-8859-1" ?>
<newsitem itemid="103788" id="root" date="1996-10-08" xml:lang="en">
<title>UK: FORECAST - Consensus on UK company results.</title>
<headline>FORECAST - Consensus on UK company results.</headline>
<dateline>LONDON 1996-10-08</dateline>
<text>
<p>Analysts' estimates of UK company results expected in week ending October 11 include -</p>
<p>COMPANY----------------PFT/DIV/EPS--CONSENSUS----RANGE-------PVS TUESDAY, Oct 8</p>
<p>St Ives Plc	  Y	 PFT	  41.2    39.6-43.0     35.5</p>
<p>				   DIV	   9.6     9.6-10.0	8.5</p>
<p>Lucas Varity Plc   Y  **   PFT	 180.0   175.0-185.4   135.8</p>
<p>				   DIV	   7.0	 n/a	   7.0</p>
<p>				   EPS	  12.01   11.7-12.3	9.5</p>
<p>Manchester United  Y  ***  PFT	  13.98   11.0-15.9     16.3</p>
<p>Plc				DIV	   n/a     3.4-4.85	4.5</p>
<p>WEDNESDAY, Oct 9</p>
<p>- No major companies reporting</p>
<p>THURSDAY Oct 10</p>
<p>- No major companies reporting</p>
<p>FRIDAY, Oct 11</p>
<p>- No major companies reporting</p>
<p>NOTES:</p>
<p>** The Lucas Varity forecasts are pre-exceptional and refer</p>
<p>to Lucas Industries, which has merged with Varity</p>
<p>Corporation since the year-end. The 1995 figures are</p>
<p>pre exceptional. After exceptional items, the pretax profit</p>
<p>was 30.4 million stg and the EPS showed a loss of 3.8p.</p>
<p>*** The Manchester United forecasts are net of exceptional</p>
<p>items including transfer fees. After exceptional items the</p>
<p>profit figure for 1995 was 20.0 million stg.</p>
<p>All profit figures are pretax, exclude exceptional items unless otherwise stated and are in millions stg. Dividends are total net and quoted as pence per share.</p>
<p>			     ----oOo----</p>
<p>John Sutherland, London Newsroom +44 171 542 7945</p>
</text>
<copyright>(c) Reuters Limited 1996</copyright>
<metadata>
<codes class="bip:countries:1.0">
  <code code="UK">
    <editdetail attribution="Reuters BIP Coding Group" action="confirmed" date="1996-10-08"/>
  </code>
</codes>
<codes class="bip:industries:1.0">
  <code code="I35300">
    <editdetail attribution="Reuters BIP Coding Group" action="confirmed" date="1996-10-08"/>
  </code>
  <code code="I47500">
    <editdetail attribution="Reuters BIP Coding Group" action="confirmed" date="1996-10-08"/>
  </code>
  <code code="I97911">
    <editdetail attribution="Reuters BIP Coding Group" action="confirmed" date="1996-10-08"/>
  </code>
</codes>
<codes class="bip:topics:1.0">
  <code code="C15">
    <editdetail attribution="Reuters BIP Coding Group" action="confirmed" date="1996-10-08"/>
  </code>
  <code code="C152">
    <editdetail attribution="Reuters BIP Coding Group" action="confirmed" date="1996-10-08"/>
  </code>
  <code code="CCAT">
    <editdetail attribution="Reuters BIP Coding Group" action="confirmed" date="1996-10-08"/>
  </code>
</codes>
<dc element="dc.date.created" value="1996-10-08"/>
<dc element="dc.publisher" value="Reuters Holdings Plc"/>
<dc element="dc.date.published" value="1996-10-08"/>
<dc element="dc.source" value="Reuters"/>
<dc element="dc.creator.location" value="LONDON"/>
<dc element="dc.creator.location.country.name" value="UK"/>
<dc element="dc.source" value="Reuters"/>
</metadata>
</newsitem>
