<?xml version="1.0" encoding="iso-8859-1" ?>
<newsitem itemid="103873" id="root" date="1996-10-08" xml:lang="en">
<title>AUSTRALIA: CBA says conditions challenging.</title>
<headline>CBA says conditions challenging.</headline>
<dateline>MELBOURNE 1996-10-08</dateline>
<text>
<p>The Commonwealth Bank of Australia (CBA) said on Tuesday that the start to the 1996/97 financial year beginning July 1 was proving to be as challenging as expected.  </p>
<p>Commonwealth Bank chairman Tim Besley said in his address the bank's annual meeting that the bank had previously described the outlook for the bank's in 1996/97 earnings as flat.</p>
<p>&quot;We are now three months into the financial year and nothing has changed to prompt the bank to revise this assessment,&quot; Besley said.</p>
<p>&quot;1996/97 is shaping up to be every bit as challenging as we envisaged,&quot; he said.  </p>
<p>Commonwealth Bank reported a net profit of A$1.12 billion in 1995/96, up from A$983 million in 1994/95, and said when it released its results in August that it expected earnings to be flat in 1996/97.</p>
<p>-- Sydney Newsroom 61-2 9373-1800</p>
</text>
<copyright>(c) Reuters Limited 1996</copyright>
<metadata>
<codes class="bip:countries:1.0">
  <code code="AUSTR">
    <editdetail attribution="Reuters BIP Coding Group" action="confirmed" date="1996-10-08"/>
  </code>
</codes>
<codes class="bip:industries:1.0">
  <code code="I81402">
    <editdetail attribution="Reuters BIP Coding Group" action="confirmed" date="1996-10-08"/>
  </code>
</codes>
<codes class="bip:topics:1.0">
  <code code="C15">
    <editdetail attribution="Reuters BIP Coding Group" action="confirmed" date="1996-10-08"/>
  </code>
  <code code="C152">
    <editdetail attribution="Reuters BIP Coding Group" action="confirmed" date="1996-10-08"/>
  </code>
  <code code="CCAT">
    <editdetail attribution="Reuters BIP Coding Group" action="confirmed" date="1996-10-08"/>
  </code>
</codes>
<dc element="dc.date.created" value="1996-10-08"/>
<dc element="dc.publisher" value="Reuters Holdings Plc"/>
<dc element="dc.date.published" value="1996-10-08"/>
<dc element="dc.source" value="Reuters"/>
<dc element="dc.creator.location" value="MELBOURNE"/>
<dc element="dc.creator.location.country.name" value="AUSTRALIA"/>
<dc element="dc.source" value="Reuters"/>
</metadata>
</newsitem>
