<?xml version="1.0" encoding="iso-8859-1" ?>
<newsitem itemid="103976" id="root" date="1996-10-08" xml:lang="en">
<title>JAPAN: Bandai Logipal - 6mth parent results.</title>
<headline>Bandai Logipal - 6mth parent results.</headline>
<dateline>TOKYO 1996-10-08</dateline>
<text>
<p>Six months to August 31, 1996</p>
<p> (Parent)	(in billions of yen unless specified)</p>
<p> Sales		  3.93		vs	    3.87</p>
<p> Operating     loss 2    million    vs	prft 147 million</p>
<p> Current	loss 44    million    vs	prft 163 million</p>
<p> Net	    loss 53    million    vs	 prft 86 million</p>
<p> EPS	     loss 8.69 yen	  vs    prft 14.17 yen</p>
<p> Shares		6 million	  vs	   6 million</p>
<p> Interim div	  5.00 yen	  vs	    5.00 yen</p>
<p>NOTE - Bandai Logipal Inc is involved in the transportation and warehousing of toys and sundry goods.</p>
</text>
<copyright>(c) Reuters Limited 1996</copyright>
<metadata>
<codes class="bip:countries:1.0">
  <code code="JAP">
    <editdetail attribution="Reuters BIP Coding Group" action="confirmed" date="1996-10-08"/>
  </code>
</codes>
<codes class="bip:industries:1.0">
  <code code="I72300">
    <editdetail attribution="Reuters BIP Coding Group" action="confirmed" date="1996-10-08"/>
  </code>
</codes>
<codes class="bip:topics:1.0">
  <code code="C15">
    <editdetail attribution="Reuters BIP Coding Group" action="confirmed" date="1996-10-08"/>
  </code>
  <code code="C151">
    <editdetail attribution="Reuters BIP Coding Group" action="confirmed" date="1996-10-08"/>
  </code>
  <code code="CCAT">
    <editdetail attribution="Reuters BIP Coding Group" action="confirmed" date="1996-10-08"/>
  </code>
</codes>
<dc element="dc.date.created" value="1996-10-08"/>
<dc element="dc.publisher" value="Reuters Holdings Plc"/>
<dc element="dc.date.published" value="1996-10-08"/>
<dc element="dc.source" value="Reuters"/>
<dc element="dc.creator.location" value="TOKYO"/>
<dc element="dc.creator.location.country.name" value="JAPAN"/>
<dc element="dc.source" value="Reuters"/>
</metadata>
</newsitem>
