<?xml version="1.0" encoding="iso-8859-1" ?>
<newsitem itemid="104360" id="root" date="1996-10-09" xml:lang="en">
<title>BULGARIA: AMOCO CHANGES TACK WITH EAST EUROPE RETAIL SALE.</title>
<headline>AMOCO CHANGES TACK WITH EAST EUROPE RETAIL SALE.</headline>
<dateline>SOFIA 1996-10-09</dateline>
<text>
<p>Amoco Corp , which on Wednesday announced the sale of its retail petrol stations in Eastern Europe, needed to adapt to remain competitive in the world petrol market, company officials said.</p>
<p>&quot;Amoco's decision is based on world-wide competitive challenges affecting the entire petroleum industry beyond Poland, Romania and Bulgaria,&quot; said James Shields, managing director of Amoco Bulgaria Petroleum Products Ltd.</p>
<p>Shields said many of the world's biggest oil companies were planning to merge refining and marketing operations.</p>
<p>&quot;This is a significant event for the petroleum industry ...any responsible company would refocus on its worldwide competitive challenges and...do what it must do or that company will not exist,&quot; Shields said.</p>
<p>Amoco said it would sell its petrol stations in Poland, Romania and Bulgaria but the move would not affect its other businesses such as exploration and production and chemical activities.</p>
<p>Amoco's Director of Public and Government Affairs Gary Stewart said Amoco could be competitive in retail stations in the Americas and &quot;therefore that is where we must be&quot;.</p>
<p>&quot;When you look at the world situation we are not as competitive in Europe,&quot; Stewart said.</p>
<p>Last month Amoco opened its first petrol station in the Black Sea port of Bourgas and two other stations in Sofia and Plovdiv are under construction. Shields said the Bourgas station had been highly successful.</p>
<p>Amoco was the second foreign petrol retailer in Bulgaria after the Royal Dutch/Shell Group , which has built 19 filling stations since 1993 and has invested $35 million. REUTER</p>
</text>
<copyright>(c) Reuters Limited 1996</copyright>
<metadata>
<codes class="bip:countries:1.0">
  <code code="BUL">
    <editdetail attribution="Reuters BIP Coding Group" action="confirmed" date="1996-10-09"/>
  </code>
  <code code="POL">
    <editdetail attribution="Reuters BIP Coding Group" action="confirmed" date="1996-10-09"/>
  </code>
  <code code="ROM">
    <editdetail attribution="Reuters BIP Coding Group" action="confirmed" date="1996-10-09"/>
  </code>
</codes>
<codes class="bip:industries:1.0">
  <code code="I14000">
    <editdetail attribution="Reuters BIP Coding Group" action="confirmed" date="1996-10-09"/>
  </code>
  <code code="I65200">
    <editdetail attribution="Reuters BIP Coding Group" action="confirmed" date="1996-10-09"/>
  </code>
</codes>
<codes class="bip:topics:1.0">
  <code code="C11">
    <editdetail attribution="Reuters BIP Coding Group" action="confirmed" date="1996-10-09"/>
  </code>
  <code code="C18">
    <editdetail attribution="Reuters BIP Coding Group" action="confirmed" date="1996-10-09"/>
  </code>
  <code code="C182">
    <editdetail attribution="Reuters BIP Coding Group" action="confirmed" date="1996-10-09"/>
  </code>
  <code code="C31">
    <editdetail attribution="Reuters BIP Coding Group" action="confirmed" date="1996-10-09"/>
  </code>
  <code code="CCAT">
    <editdetail attribution="Reuters BIP Coding Group" action="confirmed" date="1996-10-09"/>
  </code>
</codes>
<dc element="dc.date.created" value="1996-10-09"/>
<dc element="dc.publisher" value="Reuters Holdings Plc"/>
<dc element="dc.date.published" value="1996-10-09"/>
<dc element="dc.source" value="Reuters"/>
<dc element="dc.creator.location" value="SOFIA"/>
<dc element="dc.creator.location.country.name" value="BULGARIA"/>
<dc element="dc.source" value="Reuters"/>
</metadata>
</newsitem>
