<?xml version="1.0" encoding="iso-8859-1" ?>
<newsitem itemid="104376" id="root" date="1996-10-09" xml:lang="en">
<title>POLAND: POLISH CENTRAL BANK SELLS PLN 200 MLN NBP-BILLS.</title>
<headline>POLISH CENTRAL BANK SELLS PLN 200 MLN NBP-BILLS.</headline>
<dateline>WARSAW 1996-10-09</dateline>
<text>
<p>The National Bank of Poland sold 200 million zlotys worth of 273-day NBP-bills after Polish banks bid for 276 million, the central bank said.</p>
<p>The minimum accepted price was flat at 86.85. The average yield inched down 0.02 point to 19.95 percent from the last 273-day auction on October 8.</p>
<p>-- Warsaw Newsroom +48 2 653 9700</p>
</text>
<copyright>(c) Reuters Limited 1996</copyright>
<metadata>
<codes class="bip:countries:1.0">
  <code code="POL">
    <editdetail attribution="Reuters BIP Coding Group" action="confirmed" date="1996-10-09"/>
  </code>
</codes>
<codes class="bip:topics:1.0">
  <code code="M13">
    <editdetail attribution="Reuters BIP Coding Group" action="confirmed" date="1996-10-09"/>
  </code>
  <code code="M131">
    <editdetail attribution="Reuters BIP Coding Group" action="confirmed" date="1996-10-09"/>
  </code>
  <code code="MCAT">
    <editdetail attribution="Reuters BIP Coding Group" action="confirmed" date="1996-10-09"/>
  </code>
</codes>
<dc element="dc.date.created" value="1996-10-09"/>
<dc element="dc.publisher" value="Reuters Holdings Plc"/>
<dc element="dc.date.published" value="1996-10-09"/>
<dc element="dc.source" value="Reuters"/>
<dc element="dc.creator.location" value="WARSAW"/>
<dc element="dc.creator.location.country.name" value="POLAND"/>
<dc element="dc.source" value="Reuters"/>
</metadata>
</newsitem>
