<?xml version="1.0" encoding="iso-8859-1" ?>
<newsitem itemid="104575" id="root" date="1996-10-09" xml:lang="en">
<title>USA: Tricord gets Orange County school order.</title>
<headline>Tricord gets Orange County school order.</headline>
<dateline>PLYMOUTH, Minn. 1996-10-09</dateline>
<text>
<p>Tricord Systems Inc said Wednesday the Orange County, Fla. public school district chose the Tricord PowerFrame Enterprise servers to build the backbone of a wide area network.</p>
<p>The network eventually will link all the district's 130 educational facilities.</p>
<p>It said with the recent $250,000 purchase of four PowerFrame Enterprise servers, the school district now has a total of nine Tricord servers, each supporting from 100 to 500 end-users.</p>
<p>	   -- Chicago newsdesk 312 408-8787</p>
</text>
<copyright>(c) Reuters Limited 1996</copyright>
<metadata>
<codes class="bip:countries:1.0">
  <code code="USA">
    <editdetail attribution="Reuters BIP Coding Group" action="confirmed" date="1996-10-09"/>
  </code>
</codes>
<codes class="bip:industries:1.0">
  <code code="I33030">
    <editdetail attribution="Reuters BIP Coding Group" action="confirmed" date="1996-10-09"/>
  </code>
</codes>
<codes class="bip:topics:1.0">
  <code code="C33">
    <editdetail attribution="Reuters BIP Coding Group" action="confirmed" date="1996-10-09"/>
  </code>
  <code code="CCAT">
    <editdetail attribution="Reuters BIP Coding Group" action="confirmed" date="1996-10-09"/>
  </code>
</codes>
<dc element="dc.date.created" value="1996-10-09"/>
<dc element="dc.publisher" value="Reuters Holdings Plc"/>
<dc element="dc.date.published" value="1996-10-09"/>
<dc element="dc.source" value="Reuters"/>
<dc element="dc.creator.location" value="PLYMOUTH, Minn."/>
<dc element="dc.creator.location.country.name" value="USA"/>
<dc element="dc.source" value="Reuters"/>
</metadata>
</newsitem>
