<?xml version="1.0" encoding="iso-8859-1" ?>
<newsitem itemid="104591" id="root" date="1996-10-09" xml:lang="en">
<title>USA: St. Paul has unrealized investment gain.</title>
<headline>St. Paul has unrealized investment gain.</headline>
<dateline>ST. PAUL, Minn. 1996-10-09</dateline>
<text>
<p>St. Paul Cos said its $3.7 million investment in Advanced Fibre Communications Inc has resulted in an unrealized gain of approximately $160 million at today's market price.</p>
<p>The stock of Advanced Fibre, a high-tech communications company, rose to $56 per share from $25 in its first week of trading and is now trading at 50-1/2, down 5-3/4.  </p>
<p>St. Paul Venture Capital, St. Paul Cos' private investment subsidiary, owns about 10 percent of Advanced Fibre, or 3.25 million common stock equivalents at an average cost of $1.14 per share, including the cost to exercise warrants.</p>
<p>St. Paul said it has been an investor in Advanced Fibre since late 1992.</p>
<p>St. Paul said it is party to a lock-up agreement with underwriters for the initial public offering. That agreement precludes St. Paul from selling or disposing of the stock for 180 days after the initial public offering date without consent of Morgan Stanley &amp; Co Inc.</p>
<p>St. Paul is a group of companies providing property-liability insurance underwriting and insurance brokerage products and services.</p>
<p>	   -- Chicago newsdesk 312 408-8787</p>
</text>
<copyright>(c) Reuters Limited 1996</copyright>
<metadata>
<codes class="bip:countries:1.0">
  <code code="USA">
    <editdetail attribution="Reuters BIP Coding Group" action="confirmed" date="1996-10-09"/>
  </code>
</codes>
<codes class="bip:industries:1.0">
  <code code="I34400">
    <editdetail attribution="Reuters BIP Coding Group" action="confirmed" date="1996-10-09"/>
  </code>
  <code code="I82003">
    <editdetail attribution="Reuters BIP Coding Group" action="confirmed" date="1996-10-09"/>
  </code>
</codes>
<codes class="bip:topics:1.0">
  <code code="C15">
    <editdetail attribution="Reuters BIP Coding Group" action="confirmed" date="1996-10-09"/>
  </code>
  <code code="C151">
    <editdetail attribution="Reuters BIP Coding Group" action="confirmed" date="1996-10-09"/>
  </code>
  <code code="CCAT">
    <editdetail attribution="Reuters BIP Coding Group" action="confirmed" date="1996-10-09"/>
  </code>
</codes>
<dc element="dc.date.created" value="1996-10-09"/>
<dc element="dc.publisher" value="Reuters Holdings Plc"/>
<dc element="dc.date.published" value="1996-10-09"/>
<dc element="dc.source" value="Reuters"/>
<dc element="dc.creator.location" value="ST. PAUL, Minn."/>
<dc element="dc.creator.location.country.name" value="USA"/>
<dc element="dc.source" value="Reuters"/>
</metadata>
</newsitem>
