<?xml version="1.0" encoding="iso-8859-1" ?>
<newsitem itemid="104574" id="root" date="1996-10-09" xml:lang="en">
<title>USA: Keystone Heritage Group Q3 full results.</title>
<headline>Keystone Heritage Group Q3 full results.</headline>
<dateline>LEBANON, Pa. 1996-10-09</dateline>
<text>
<p>KEYSTONE HERITAGE GROUP INC</p>
<p>		 (Dollars in thousands, except per share data)</p>
<p> Period ended	     Quarter-to-date	    Year-to-date</p>
<p> September 30	     1996	 1995	 1996	1995</p>
<p> Net interest income   $6,513     $6,065    $18,807   $18,104</p>
<p>Provision for possible loan losses</p>
<p>				    0	    0	    0	   0</p>
<p>Net interest income after</p>
<p>provision for loan losses</p>
<p>				6,513	6,065     18,807    18,104</p>
<p>Other operating income</p>
<p>				1,608	1,303	4,265     3,723</p>
<p>Other operating expense</p>
<p>				4,821	4,590     13,977    13,795</p>
<p> Net income		 2,299	1,921	6,300     5,542</p>
<p> Net income per share     .57	  .47	 1.55	1.36</p>
<p>Average shares outstanding</p>
<p>			 4,053,287  4,064,673  4,065,506  4,063,154</p>
<p>-- New York Newsdesk 212 859-1610</p>
</text>
<copyright>(c) Reuters Limited 1996</copyright>
<metadata>
<codes class="bip:countries:1.0">
  <code code="USA">
    <editdetail attribution="Reuters BIP Coding Group" action="confirmed" date="1996-10-09"/>
  </code>
</codes>
<codes class="bip:industries:1.0">
  <code code="I81402">
    <editdetail attribution="Reuters BIP Coding Group" action="confirmed" date="1996-10-09"/>
  </code>
</codes>
<codes class="bip:topics:1.0">
  <code code="C15">
    <editdetail attribution="Reuters BIP Coding Group" action="confirmed" date="1996-10-09"/>
  </code>
  <code code="C151">
    <editdetail attribution="Reuters BIP Coding Group" action="confirmed" date="1996-10-09"/>
  </code>
  <code code="C1511">
    <editdetail attribution="Reuters BIP Coding Group" action="confirmed" date="1996-10-09"/>
  </code>
  <code code="CCAT">
    <editdetail attribution="Reuters BIP Coding Group" action="confirmed" date="1996-10-09"/>
  </code>
</codes>
<dc element="dc.date.created" value="1996-10-09"/>
<dc element="dc.publisher" value="Reuters Holdings Plc"/>
<dc element="dc.date.published" value="1996-10-09"/>
<dc element="dc.source" value="Reuters"/>
<dc element="dc.creator.location" value="LEBANON, Pa."/>
<dc element="dc.creator.location.country.name" value="USA"/>
<dc element="dc.source" value="Reuters"/>
</metadata>
</newsitem>
