<?xml version="1.0" encoding="iso-8859-1" ?>
<newsitem itemid="104662" id="root" date="1996-10-09" xml:lang="en">
<title>USA: First Virginia Q3 oper shr rises to $0.89.</title>
<headline>First Virginia Q3 oper shr rises to $0.89.</headline>
<dateline>FALLS CHURCH, Va. 1996-10-09</dateline>
<text>
<p>9/30/96		    9/30/95</p>
<p> Oper shr		    $0.89		    $0.86</p>
<p> Net			  28,586		   29,269</p>
<p> Interest income	 147,204		  145,385</p>
<p> Avg shrs		   33,444		   34,066</p>
<p>			 9 MONTHS</p>
<p> Shr			   $2.56		    $2.47</p>
<p> Net			  85,543		   84,039</p>
<p> Interest income	 438,888		  426,421</p>
<p> Avg shrs		   33,444		   34,066</p>
<p>(All Data Above 000s Except Per Share Numbers)</p>
<p>Full company name is First Virginia Bank</p>
<p>NOTE: The company said operating earnings in the third quarter 1996 excluded a $689,000  or $0.02 per share after tax charge paid to recapitalize the Savings Association Inusrance Fund.  Third quarter 1996 net income data included the charge.</p>
<p>The company said earnings per share increased in the third quarter 1996 from the same period last year due to a lower number of shares outstanding.</p>
<p>-- New York newsdesk 212-859-1610</p>
</text>
<copyright>(c) Reuters Limited 1996</copyright>
<metadata>
<codes class="bip:countries:1.0">
  <code code="USA">
    <editdetail attribution="Reuters BIP Coding Group" action="confirmed" date="1996-10-09"/>
  </code>
</codes>
<codes class="bip:industries:1.0">
  <code code="I81402">
    <editdetail attribution="Reuters BIP Coding Group" action="confirmed" date="1996-10-09"/>
  </code>
</codes>
<codes class="bip:topics:1.0">
  <code code="C15">
    <editdetail attribution="Reuters BIP Coding Group" action="confirmed" date="1996-10-09"/>
  </code>
  <code code="C151">
    <editdetail attribution="Reuters BIP Coding Group" action="confirmed" date="1996-10-09"/>
  </code>
  <code code="CCAT">
    <editdetail attribution="Reuters BIP Coding Group" action="confirmed" date="1996-10-09"/>
  </code>
</codes>
<dc element="dc.date.created" value="1996-10-09"/>
<dc element="dc.publisher" value="Reuters Holdings Plc"/>
<dc element="dc.date.published" value="1996-10-09"/>
<dc element="dc.source" value="Reuters"/>
<dc element="dc.creator.location" value="FALLS CHURCH, Va."/>
<dc element="dc.creator.location.country.name" value="USA"/>
<dc element="dc.source" value="Reuters"/>
</metadata>
</newsitem>
