<?xml version="1.0" encoding="iso-8859-1" ?>
<newsitem itemid="104718" id="root" date="1996-10-09" xml:lang="en">
<title>UK: London LIFFE futures APT closing prices.</title>
<headline>London LIFFE futures APT closing prices.</headline>
<dateline>LONDON 1996-10-09</dateline>
<text>
<p>London International Financial</p>
<p>Futures Exchange automated pit trading (APT) tabular details:</p>
<p>   CONTRACT (MONTH)	APT CLOSE  SETTLEMENT  PREVIOUS SETTLE</p>
<p>   LONG GILT (DEC) (1/32)   111-02	111-03	     110-24</p>
<p>   SHORT STERLING (DEC)	94.05	 94.05		94.06</p>
<p>   GERMAN GOVT BOND (DEC)    99.75	 99.68		99.60</p>
<p>   EUROMARK (DEC)		96.87	 96.87		96.86</p>
<p>   ITALIAN GOVT BOND (DEC)  123.75	123.65	     123.28</p>
<p>   EUROLIRA (DEC)		92.37	 92.37		92.37</p>
<p>   EUROSWISS (DEC)	     98.36	 98.38		98.40</p>
<p>   FTSE 100 (DEC)	   4,035.00    4,044.00	   4,077.00</p>
</text>
<copyright>(c) Reuters Limited 1996</copyright>
<metadata>
<codes class="bip:countries:1.0">
  <code code="UK">
    <editdetail attribution="Reuters BIP Coding Group" action="confirmed" date="1996-10-09"/>
  </code>
</codes>
<codes class="bip:topics:1.0">
  <code code="M12">
    <editdetail attribution="Reuters BIP Coding Group" action="confirmed" date="1996-10-09"/>
  </code>
  <code code="M13">
    <editdetail attribution="Reuters BIP Coding Group" action="confirmed" date="1996-10-09"/>
  </code>
  <code code="M131">
    <editdetail attribution="Reuters BIP Coding Group" action="confirmed" date="1996-10-09"/>
  </code>
  <code code="MCAT">
    <editdetail attribution="Reuters BIP Coding Group" action="confirmed" date="1996-10-09"/>
  </code>
</codes>
<dc element="dc.date.created" value="1996-10-09"/>
<dc element="dc.publisher" value="Reuters Holdings Plc"/>
<dc element="dc.date.published" value="1996-10-09"/>
<dc element="dc.source" value="Reuters"/>
<dc element="dc.creator.location" value="LONDON"/>
<dc element="dc.creator.location.country.name" value="UK"/>
<dc element="dc.source" value="Reuters"/>
</metadata>
</newsitem>
