<?xml version="1.0" encoding="iso-8859-1" ?>
<newsitem itemid="104809" id="root" date="1996-10-09" xml:lang="en">
<title>SOUTH AFRICA: S.African Airways says go-slow costs 40 mln rand.</title>
<headline>S.African Airways says go-slow costs 40 mln rand.</headline>
<dateline>JOHANNESBURG 1996-10-09</dateline>
<text>
<p>South African Airways (SAA) said on Wednesday a week-long go-slow by technicians and engineers had cost it about 40 million rand so far.</p>
<p>&quot;The loss has been very substantial,&quot; spokeswoman Zelda Schuulabach said.</p>
<p>&quot;At present we're looking at losses in the region of 40 million rand. That includes an estimated loss of market share over the next three months because we realise these delays, especially on our international flights, will have a negative effect and passengers will probably choose to fly with competitors.&quot;</p>
<p>Many domestic and international SAA flights have been cancelled or delayed because of the work-to-rule by the South African Aviation Engineering and Allied Union (SAAEAU) which began on Wednesday last week.</p>
<p>SAA has asked union members to sign undertakings that they will return to normal working or face being locked out.</p>
<p>Schuulabach said several flights serving Johannesburg, Cape Town and Durban had been combined on Wednesday. &quot;We have reduced our frequencies but we have increased our capacities (by using larger aircraft),&quot; she said.</p>
<p>She advised people who had no pressing need to travel to postpone their journeys until the union action was over.</p>
<p>SAAEAU has declared a dispute with SAA for its refusal to offer a 25 percent wage rise. Management is offering a 10 percent increase plus a 20 percent productivity bonus.</p>
<p>-- Johannesburg newsroom +27 11 482 1003</p>
</text>
<copyright>(c) Reuters Limited 1996</copyright>
<metadata>
<codes class="bip:countries:1.0">
  <code code="SAFR">
    <editdetail attribution="Reuters BIP Coding Group" action="confirmed" date="1996-10-09"/>
  </code>
</codes>
<codes class="bip:industries:1.0">
  <code code="I75000">
    <editdetail attribution="Reuters BIP Coding Group" action="confirmed" date="1996-10-09"/>
  </code>
</codes>
<codes class="bip:topics:1.0">
  <code code="C15">
    <editdetail attribution="Reuters BIP Coding Group" action="confirmed" date="1996-10-09"/>
  </code>
  <code code="C152">
    <editdetail attribution="Reuters BIP Coding Group" action="confirmed" date="1996-10-09"/>
  </code>
  <code code="C42">
    <editdetail attribution="Reuters BIP Coding Group" action="confirmed" date="1996-10-09"/>
  </code>
  <code code="CCAT">
    <editdetail attribution="Reuters BIP Coding Group" action="confirmed" date="1996-10-09"/>
  </code>
  <code code="E41">
    <editdetail attribution="Reuters BIP Coding Group" action="confirmed" date="1996-10-09"/>
  </code>
  <code code="ECAT">
    <editdetail attribution="Reuters BIP Coding Group" action="confirmed" date="1996-10-09"/>
  </code>
  <code code="GCAT">
    <editdetail attribution="Reuters BIP Coding Group" action="confirmed" date="1996-10-09"/>
  </code>
  <code code="GJOB">
    <editdetail attribution="Reuters BIP Coding Group" action="confirmed" date="1996-10-09"/>
  </code>
</codes>
<dc element="dc.date.created" value="1996-10-09"/>
<dc element="dc.publisher" value="Reuters Holdings Plc"/>
<dc element="dc.date.published" value="1996-10-09"/>
<dc element="dc.source" value="Reuters"/>
<dc element="dc.creator.location" value="JOHANNESBURG"/>
<dc element="dc.creator.location.country.name" value="SOUTH AFRICA"/>
<dc element="dc.source" value="Reuters"/>
</metadata>
</newsitem>
