<?xml version="1.0" encoding="iso-8859-1" ?>
<newsitem itemid="105110" id="root" date="1996-10-09" xml:lang="en">
<title>MEXICO: Mexico may declare rail auction null and void.</title>
<headline>Mexico may declare rail auction null and void.</headline>
<dateline>MEXICO CITY 1996-10-09</dateline>
<text>
<p>Mexico's Communications and Transport Ministry (SCT) has proposed declaring the auction for the Chihuahua-Pacific railroad line null and void, assistant secretary of transport Aaron Dickter said on Wednesday.</p>
<p>The news followed a single bid for the rail line by Mexican mining firm Grupo Mexico of 201.79 million pesos earlier in the day, well below the 376 million estimated by officials as the value of the line.  </p>
<p>The auction was for a 50-year concession to run the railway.</p>
<p>&quot;By not meeting the minimum conditions, we have proposed declaring the auction of the Chihuahua-Pacific rail null and void,&quot; he told a news conference.</p>
<p>Dickter said the ministry would begin accepting bids for the Northwest line, the second part of the country's railroad privatization, on November 29.</p>
<p>He said the government may include the Chihuahua-Pacific line in the concession for the Northwest line.</p>
<p>&quot;We have to decide whether to hold another auction for the Chihuahua-Pacific rail line, or include it in the Northwest line,&quot; Dickter said.</p>
<p>Grupo Mexico had said it would be willing to invest 120 million pesos in the Chihuahua-Pacific railroad if it won the concession.</p>
<p>-- Claudia Villegas, Mexico City newsroom +525 728-9565</p>
</text>
<copyright>(c) Reuters Limited 1996</copyright>
<metadata>
<codes class="bip:countries:1.0">
  <code code="MEX">
    <editdetail attribution="Reuters BIP Coding Group" action="confirmed" date="1996-10-09"/>
  </code>
</codes>
<codes class="bip:industries:1.0">
  <code code="I71000">
    <editdetail attribution="Reuters BIP Coding Group" action="confirmed" date="1996-10-09"/>
  </code>
</codes>
<codes class="bip:topics:1.0">
  <code code="C18">
    <editdetail attribution="Reuters BIP Coding Group" action="confirmed" date="1996-10-09"/>
  </code>
  <code code="C181">
    <editdetail attribution="Reuters BIP Coding Group" action="confirmed" date="1996-10-09"/>
  </code>
  <code code="C183">
    <editdetail attribution="Reuters BIP Coding Group" action="confirmed" date="1996-10-09"/>
  </code>
  <code code="CCAT">
    <editdetail attribution="Reuters BIP Coding Group" action="confirmed" date="1996-10-09"/>
  </code>
</codes>
<dc element="dc.date.created" value="1996-10-09"/>
<dc element="dc.publisher" value="Reuters Holdings Plc"/>
<dc element="dc.date.published" value="1996-10-09"/>
<dc element="dc.source" value="Reuters"/>
<dc element="dc.creator.location" value="MEXICO CITY"/>
<dc element="dc.creator.location.country.name" value="MEXICO"/>
<dc element="dc.source" value="Reuters"/>
</metadata>
</newsitem>
