<?xml version="1.0" encoding="iso-8859-1" ?>
<newsitem itemid="105739" id="root" date="1996-10-09" xml:lang="en">
<title>SRI LANKA: CIS buying sends tea prices up at Colombo auction.</title>
<headline>CIS buying sends tea prices up at Colombo auction.</headline>
<dateline>COLOMBO 1996-10-09</dateline>
<text>
<p>Forceful buying by the Commonwealth of Independent States (CIS), the biggest buyer of Sri Lankan tea, sent tea prices up across the board at the Colombo auction, brokers said on Wednesday.</p>
<p>&quot;The CIS came in forcefully once again,&quot; said a broker. &quot;Volumes are relatively small. So, when the CIS comes in strongly on low volumes they push prices up.&quot;</p>
<p>Brokers Forbes and Walker said the anticipated gross auction average price for the 4.3 million kg on offer should rise to 121.25 rupees ($2.13) per kg from 120.13 rupees last week.  </p>
<p>Brokers said prices moved up in the latter part of the auction when buyers found they were short on low volumes.</p>
<p>Low volumes and sustained demand, especially from the CIS, have sent tea prices soaring in recent months.</p>
<p>The Colombo monthly tea auction average price rose to a record 117.85 rupees per kg in September from 108.63 rupees in August, Forbes and Walker said.</p>
<p>The next auction is on October 15-16 where 4.3 million kg will be on offer.</p>
<p>(1$=56.83)</p>
</text>
<copyright>(c) Reuters Limited 1996</copyright>
<metadata>
<codes class="bip:countries:1.0">
  <code code="SRILAN">
    <editdetail attribution="Reuters BIP Coding Group" action="confirmed" date="1996-10-09"/>
  </code>
</codes>
<codes class="bip:topics:1.0">
  <code code="M14">
    <editdetail attribution="Reuters BIP Coding Group" action="confirmed" date="1996-10-09"/>
  </code>
  <code code="M141">
    <editdetail attribution="Reuters BIP Coding Group" action="confirmed" date="1996-10-09"/>
  </code>
  <code code="MCAT">
    <editdetail attribution="Reuters BIP Coding Group" action="confirmed" date="1996-10-09"/>
  </code>
</codes>
<dc element="dc.date.created" value="1996-10-09"/>
<dc element="dc.publisher" value="Reuters Holdings Plc"/>
<dc element="dc.date.published" value="1996-10-09"/>
<dc element="dc.source" value="Reuters"/>
<dc element="dc.creator.location" value="COLOMBO"/>
<dc element="dc.creator.location.country.name" value="SRI LANKA"/>
<dc element="dc.source" value="Reuters"/>
</metadata>
</newsitem>
