<?xml version="1.0" encoding="iso-8859-1" ?>
<newsitem itemid="105792" id="root" date="1996-10-09" xml:lang="en">
<title>CANADA: PRESS DIGEST - Canada - October 9.</title>
<headline>PRESS DIGEST - Canada - October 9.</headline>
<dateline>TORONTO 1996-10-09</dateline>
<text>
<p>The following are top headlines from selected  Canadian newspapers. Reuters has not verified these stories and does not vouch for their accuracy.</p>
<p>THE GLOBE AND MAIL:</p>
<p>- General Jean Boyle leaves defence post: Embattled general resigns after lukewarm support from new minister.</p>
<p>- Lieutenant-General Maurice Baril favoured to lead Forces: Army head cited as likely pick.</p>
<p>- Casinos called open door to mob: Secret report says Ontario needs tighter rein on bingo, charity gambling.</p>
<p>- Ottawa wins key ruling in Airbus case: Lawyers can go to Switzerland to question Swiss official about Royal Canadian Mounted Police's letter.</p>
<p>- Gamble on  West Bank peace proves risky: A Canadian who moved his family to Ramallah from the safety of Montreal finds himself setting up first-aid classes.</p>
<p>Report on Business Section:</p>
<p>- Finance Minister Paul Martin to cut deficit target: Expected to set new goal at one percent of gross domestic product in 1998-99 and to reveal lower figure for 1995-96.</p>
<p>- Report urges overhaul of Canada Post: Ottawa rejects bulk of 31 proposals.</p>
<p>- Strike threatens General Motors car launches: Domino effect expected in U.S. after Windsor plants close.</p>
<p>- Is pattern bargaining breaking down? Employers are refusing to follow patterns, arguing that one size doesn't fit all anymore. But unions are reluctant to try that on.</p>
<p>THE FINANCIAL POST:</p>
<p>- Stick to letters, Canada Post told: Report says post office should get out of the courier business and stop delivering flyers. Ottawa agrees on flyers but says Purolator Courier is not for sale.</p>
<p>- Canadian Auto Workers strike to hit General Motors' hot-selling models.</p>
<p>-- Reuters Toronto Bureau 416 941-8100</p>
</text>
<copyright>(c) Reuters Limited 1996</copyright>
<metadata>
<codes class="bip:countries:1.0">
  <code code="CANA">
    <editdetail attribution="Reuters BIP Coding Group" action="confirmed" date="1996-10-09"/>
  </code>
</codes>
<codes class="bip:topics:1.0">
  <code code="GCAT">
    <editdetail attribution="Reuters BIP Coding Group" action="confirmed" date="1996-10-09"/>
  </code>
</codes>
<dc element="dc.date.created" value="1996-10-09"/>
<dc element="dc.publisher" value="Reuters Holdings Plc"/>
<dc element="dc.date.published" value="1996-10-09"/>
<dc element="dc.source" value="Reuters"/>
<dc element="dc.creator.location" value="TORONTO"/>
<dc element="dc.creator.location.country.name" value="CANADA"/>
<dc element="dc.source" value="Reuters"/>
</metadata>
</newsitem>
