<?xml version="1.0" encoding="iso-8859-1" ?>
<newsitem itemid="105725" id="root" date="1996-10-09" xml:lang="en">
<title>INDIA: India court grants Rao temporary arrest protection.</title>
<headline>India court grants Rao temporary arrest protection.</headline>
<dateline>NEW DELHI 1996-10-09</dateline>
<text>
<p>An Indian court on Wednesday granted former prime minister P.V. Narasimha Rao legal protection against arrest in a seven-year-old criminal forgery case until October 14.  </p>
<p>Delhi High Court Judge S.K. Mahajan said the pre-emptive, or anticipatory, bail would last until a lower court holds a hearing into the forgery case on October 14.</p>
<p>Last week a court issued a warrant to arrest Rao in the case. The warrant was temporarily suspended pending Mahajan's decision on Rao's request for protection against arrest.</p>
<p>Mahajan said Rao could apply for ordinary bail at the October 14 hearing, when he was scheduled to be formally charged with forgery and two other counts.</p>
<p>The forgery case dates from 1989. Federal police have charged Rao and five others with using false documents to defame a rival politician. Rao, who quit as Congress leader last month, has not commented publicly on the case.</p>
</text>
<copyright>(c) Reuters Limited 1996</copyright>
<metadata>
<codes class="bip:countries:1.0">
  <code code="INDIA">
    <editdetail attribution="Reuters BIP Coding Group" action="confirmed" date="1996-10-09"/>
  </code>
</codes>
<codes class="bip:topics:1.0">
  <code code="GCAT">
    <editdetail attribution="Reuters BIP Coding Group" action="confirmed" date="1996-10-09"/>
  </code>
  <code code="GCRIM">
    <editdetail attribution="Reuters BIP Coding Group" action="confirmed" date="1996-10-09"/>
  </code>
  <code code="GPOL">
    <editdetail attribution="Reuters BIP Coding Group" action="confirmed" date="1996-10-09"/>
  </code>
</codes>
<dc element="dc.date.created" value="1996-10-09"/>
<dc element="dc.publisher" value="Reuters Holdings Plc"/>
<dc element="dc.date.published" value="1996-10-09"/>
<dc element="dc.source" value="Reuters"/>
<dc element="dc.creator.location" value="NEW DELHI"/>
<dc element="dc.creator.location.country.name" value="INDIA"/>
<dc element="dc.source" value="Reuters"/>
</metadata>
</newsitem>
