<?xml version="1.0" encoding="iso-8859-1" ?>
<newsitem itemid="106053" id="root" date="1996-10-09" xml:lang="en">
<title>UK: Work on Iran-Turkmen gas pipeline starts this week.</title>
<headline>Work on Iran-Turkmen gas pipeline starts this week.</headline>
<dateline>LONDON 1996-10-09</dateline>
<text>
<p>Iranian Oil Minister Gholamreza Aghazadeh will attend the inauguration of construction work on the Turkmen-Iran gas pipeline during a visit to Turkmenistan starting on Wednesday, the OPEC news agency OPECNA reported.</p>
<p>The agency, monitored in London, quoted a statement by Aghazadeh's office as saying the inauguration of work on the 200-km (130-mile) pipeline would take place during his visit to the Central Asian republic which ends on Thursday.</p>
<p>Officials have said that in the first stage, the pipeline will transport 1.5 million cubic metres of natural gas to Iran annually. Its capacity will rise later to 8.0 million cubic metres per year.</p>
<p>Turkmenistan, with the world's fourth largest gas reserves, said it exported more than 14 billion cubic metres of natural gas in the first six months of 1996.</p>
<p>Under an agreement reached earlier this year by officials of the two neighbouring Caspian states, the engineering and construction directorate of the National Iranian Refining and Distribution Company (NIRDC) was given the lion's share of the project, OPECNA said.</p>
<p>The NIRDC will be responsible for engineering work and also the building of desalting units and separating plants for gas liquids as well as the pipeline to the Iranian border.</p>
<p>The local segment of the project will involve construction of another 60 km pipeline (40 mile) system that would connect the network on the Turkmen side. A parallel pipeline with a pressure boosting station is also planned.</p>
<p>Turkmen President Saparmurat Niyazov visited Tehran in July to discuss joint projects, including a rail link opened in May connecting Turkmenistan's railways to Iran's Gulf ports.</p>
<p>Turkmenistan's natural gas output rose 18.3 percent in August to 2.34 billiion cubic metres in July.</p>
<p>-- London newsroom +44 171 542 4088</p>
</text>
<copyright>(c) Reuters Limited 1996</copyright>
<metadata>
<codes class="bip:countries:1.0">
  <code code="IRAN">
    <editdetail attribution="Reuters BIP Coding Group" action="confirmed" date="1996-10-09"/>
  </code>
  <code code="TURKM">
    <editdetail attribution="Reuters BIP Coding Group" action="confirmed" date="1996-10-09"/>
  </code>
  <code code="UK">
    <editdetail attribution="Reuters BIP Coding Group" action="confirmed" date="1996-10-09"/>
  </code>
</codes>
<codes class="bip:industries:1.0">
  <code code="I13000">
    <editdetail attribution="Reuters BIP Coding Group" action="confirmed" date="1996-10-09"/>
  </code>
  <code code="I1300014">
    <editdetail attribution="Reuters BIP Coding Group" action="confirmed" date="1996-10-09"/>
  </code>
  <code code="I50200">
    <editdetail attribution="Reuters BIP Coding Group" action="confirmed" date="1996-10-09"/>
  </code>
  <code code="I5020043">
    <editdetail attribution="Reuters BIP Coding Group" action="confirmed" date="1996-10-09"/>
  </code>
</codes>
<codes class="bip:topics:1.0">
  <code code="C13">
    <editdetail attribution="Reuters BIP Coding Group" action="confirmed" date="1996-10-09"/>
  </code>
  <code code="C24">
    <editdetail attribution="Reuters BIP Coding Group" action="confirmed" date="1996-10-09"/>
  </code>
  <code code="CCAT">
    <editdetail attribution="Reuters BIP Coding Group" action="confirmed" date="1996-10-09"/>
  </code>
</codes>
<dc element="dc.date.created" value="1996-10-09"/>
<dc element="dc.publisher" value="Reuters Holdings Plc"/>
<dc element="dc.date.published" value="1996-10-09"/>
<dc element="dc.source" value="Reuters"/>
<dc element="dc.creator.location" value="LONDON"/>
<dc element="dc.creator.location.country.name" value="UK"/>
<dc element="dc.source" value="Reuters"/>
</metadata>
</newsitem>
