<?xml version="1.0" encoding="iso-8859-1" ?>
<newsitem itemid="106005" id="root" date="1996-10-09" xml:lang="en">
<title>UK: Brent crude dates - one down and one to go.</title>
<headline>Brent crude dates - one down and one to go.</headline>
<dateline>LONDON 1996-10-09</dateline>
<text>
<p>One of the two Brent crude cargoes to turn wet on Wednesday was kept by the equity holder and was not for sale, traders said.</p>
<p>It was not clear if the second cargo had already been kept but traders did not expect it to be subject to five o'clocking.</p>
<p>The two Brent cargoes are to load in the October 24-26 range.</p>
</text>
<copyright>(c) Reuters Limited 1996</copyright>
<metadata>
<codes class="bip:countries:1.0">
  <code code="UK">
    <editdetail attribution="Reuters BIP Coding Group" action="confirmed" date="1996-10-09"/>
  </code>
</codes>
<codes class="bip:topics:1.0">
  <code code="M14">
    <editdetail attribution="Reuters BIP Coding Group" action="confirmed" date="1996-10-09"/>
  </code>
  <code code="M143">
    <editdetail attribution="Reuters BIP Coding Group" action="confirmed" date="1996-10-09"/>
  </code>
  <code code="MCAT">
    <editdetail attribution="Reuters BIP Coding Group" action="confirmed" date="1996-10-09"/>
  </code>
</codes>
<dc element="dc.date.created" value="1996-10-09"/>
<dc element="dc.publisher" value="Reuters Holdings Plc"/>
<dc element="dc.date.published" value="1996-10-09"/>
<dc element="dc.source" value="Reuters"/>
<dc element="dc.creator.location" value="LONDON"/>
<dc element="dc.creator.location.country.name" value="UK"/>
<dc element="dc.source" value="Reuters"/>
</metadata>
</newsitem>
