<?xml version="1.0" encoding="iso-8859-1" ?>
<newsitem itemid="106277" id="root" date="1996-10-09" xml:lang="en">
<title>USA: U.S. gasoline firms on ACCESS, but pressure seen.</title>
<headline>U.S. gasoline firms on ACCESS, but pressure seen.</headline>
<dateline>LOS ANGELES 1996-10-08</dateline>
<text>
<p>U.S. gasoline remained firm on ACCESS on Tuesday while the rest of the energy complex came under pressure from rising distillate stocks.</p>
<p>The American Petroleum Institute (API) released data on Tuesday which showed a distillate build-up of 1.30 million barrels for the week ended October 4.</p>
<p>The increase lifted stocks to 17 million barrels below last year, versus a deficit of 20 million seen in recent weeks.</p>
<p>Gasoline, which has lagged heating oil and crude recently, was up 0.10 cent from the settlement after hitting an after-hours high of 67.25 cents a gallon.  </p>
<p>A reported drawdown of 810,000 barrels last week buoyed the contract.</p>
<p>November unleaded traded at 66.60 cents a gallon in late business on volume of about 60 lots.</p>
<p>But traders said profit-taking would weaken the overall complex on Wednesday and forecast selling of front months and buying of back months.</p>
<p>Heating oil traded at 75.90 cents a gallon by 2100 EDT/0107 GMT on ACCESS, down 0.29 cent from the settle, on 200 lots.</p>
<p>The front-month crude contract fell 14 cents a barrel to $25.40 a barrel on ACCESS, with 700 lots changing hands.</p>
</text>
<copyright>(c) Reuters Limited 1996</copyright>
<metadata>
<codes class="bip:countries:1.0">
  <code code="USA">
    <editdetail attribution="Reuters BIP Coding Group" action="confirmed" date="1996-10-09"/>
  </code>
</codes>
<codes class="bip:topics:1.0">
  <code code="M14">
    <editdetail attribution="Reuters BIP Coding Group" action="confirmed" date="1996-10-09"/>
  </code>
  <code code="M143">
    <editdetail attribution="Reuters BIP Coding Group" action="confirmed" date="1996-10-09"/>
  </code>
  <code code="MCAT">
    <editdetail attribution="Reuters BIP Coding Group" action="confirmed" date="1996-10-09"/>
  </code>
</codes>
<dc element="dc.date.created" value="1996-10-08"/>
<dc element="dc.publisher" value="Reuters Holdings Plc"/>
<dc element="dc.date.published" value="1996-10-09"/>
<dc element="dc.source" value="Reuters"/>
<dc element="dc.creator.location" value="LOS ANGELES"/>
<dc element="dc.creator.location.country.name" value="USA"/>
<dc element="dc.source" value="Reuters"/>
</metadata>
</newsitem>
