<?xml version="1.0" encoding="iso-8859-1" ?>
<newsitem itemid="106461" id="root" date="1996-10-09" xml:lang="en">
<title>GERMANY: Study shows high baking quality in German wheat.</title>
<headline>Study shows high baking quality in German wheat.</headline>
<dateline>DETMOLD, Germany 1996-10-09</dateline>
<text>
<p>Germany's 1996 wheat crop showed high baking qualities but weather damage caused wide regional variations, the state quality assessment centre for grain, potatoes and fats (BAGKF) said.</p>
<p>Millers were advised to be very selective in their buying, said BAGKF in a report. It had studied 2,500 samples.</p>
<p>But there was ample supply to meet the usual requirements of consumers in the domestic milling industry and of importers in Benelux countries, France, Britain and Italy.</p>
<p>Average wheat protein contents rose to 13.2 percent from 12.9 percent in 1995.</p>
<p>A range of other baking quality tests -- on the strength of flour, flour extraction rates, and Hagberg numbers -- also showed better results than last year.</p>
<p>Official data put the crop up by 6.2 percent to 18.94 million tonnes, from a 2.60 million hectare area (up 0.7 percent), and amid yield rises by 5.9 percent to 7.29 tph.</p>
<p>Bavaria harvested 3.18 million tonnes, followed by Lower Saxony's 2.67 million and North-Rhine Westphalia's 2.17 million, BAGKF said.</p>
<p>Yields were highest in Schleswig-Holstein (8.61 tph) and North-Rhine Westphalia (8.50 tph) compared with just 5.61 tph in Brandenburg state.</p>
<p>BAGKF said wheat with more than 14 percent protein and medium Hagberg falling numbers around 250 was especially suited for export as importers use it to blend it with local standard wheat.</p>
<p>The share of such wheat (mostly of so-called &quot;A&quot; and &quot;E&quot; grades) in the 1996 harvest rose by five percent to 28.8 percent of the total.</p>
<p>Crops in Mecklenburg-Vorpommern, Saxony-Anhalt, Brandenburg and Thuringia, all in former eastern Germany, had the highest proportion of top &quot;E&quot; grades within their overall result. -Vera Eckert, Hamburg newsroom, +49-40-41903275</p>
</text>
<copyright>(c) Reuters Limited 1996</copyright>
<metadata>
<codes class="bip:countries:1.0">
  <code code="GFR">
    <editdetail attribution="Reuters BIP Coding Group" action="confirmed" date="1996-10-09"/>
  </code>
</codes>
<codes class="bip:industries:1.0">
  <code code="I01001">
    <editdetail attribution="Reuters BIP Coding Group" action="confirmed" date="1996-10-09"/>
  </code>
  <code code="I0100132">
    <editdetail attribution="Reuters BIP Coding Group" action="confirmed" date="1996-10-09"/>
  </code>
  <code code="I41600">
    <editdetail attribution="Reuters BIP Coding Group" action="confirmed" date="1996-10-09"/>
  </code>
</codes>
<codes class="bip:topics:1.0">
  <code code="C21">
    <editdetail attribution="Reuters BIP Coding Group" action="confirmed" date="1996-10-09"/>
  </code>
  <code code="C24">
    <editdetail attribution="Reuters BIP Coding Group" action="confirmed" date="1996-10-09"/>
  </code>
  <code code="CCAT">
    <editdetail attribution="Reuters BIP Coding Group" action="confirmed" date="1996-10-09"/>
  </code>
  <code code="M14">
    <editdetail attribution="Reuters BIP Coding Group" action="confirmed" date="1996-10-09"/>
  </code>
  <code code="M141">
    <editdetail attribution="Reuters BIP Coding Group" action="confirmed" date="1996-10-09"/>
  </code>
  <code code="MCAT">
    <editdetail attribution="Reuters BIP Coding Group" action="confirmed" date="1996-10-09"/>
  </code>
</codes>
<dc element="dc.date.created" value="1996-10-09"/>
<dc element="dc.publisher" value="Reuters Holdings Plc"/>
<dc element="dc.date.published" value="1996-10-09"/>
<dc element="dc.source" value="Reuters"/>
<dc element="dc.creator.location" value="DETMOLD, Germany"/>
<dc element="dc.creator.location.country.name" value="GERMANY"/>
<dc element="dc.source" value="Reuters"/>
</metadata>
</newsitem>
