<?xml version="1.0" encoding="iso-8859-1" ?>
<newsitem itemid="106543" id="root" date="1996-10-09" xml:lang="en">
<title>FINLAND: ASPO JAN-AUG PROFIT FALLS 61 PCT.</title>
<headline>ASPO JAN-AUG PROFIT FALLS 61 PCT.</headline>
<dateline>HELSINKI 1996-10-09</dateline>
<text>
<p>Eight months to August 31-</p>
<p>				    (million markka unless stated)</p>
<p> Profit before extraordinary items, tax 28.0 vs 72.1</p>
<p> Earnings per share (markka)		4.89 vs 12.90</p>
<p> Net sales				     690.9 vs 670.8</p>
<p> Operating profit			     38.7 vs 86.0</p>
<p> Operating profit before depreciation  109.5 vs 141.1</p>
<p> Depreciation				   70.8 vs 55.1</p>
<p> Net financial items		 charge 10.7 vs 13.9 charge</p>
<p> Extraordinary items		    gain 0.1 vs 16.6 gain</p>
<p> Profit before taxes			  28.1 vs 88.7</p>
<p> Net profit				     20.5 vs 68.2</p>
<p> Equity to assets ratio (percent)	 45.8 vs 45.6</p>
<p>NOTE - Full name of Finnish engineering group is Aspoyhtyma Oy.</p>
<p>--Helsinki newsroom +358 0 6805 0245</p>
</text>
<copyright>(c) Reuters Limited 1996</copyright>
<metadata>
<codes class="bip:countries:1.0">
  <code code="FIN">
    <editdetail attribution="Reuters BIP Coding Group" action="confirmed" date="1996-10-09"/>
  </code>
</codes>
<codes class="bip:industries:1.0">
  <code code="I83960">
    <editdetail attribution="Reuters BIP Coding Group" action="confirmed" date="1996-10-09"/>
  </code>
</codes>
<codes class="bip:topics:1.0">
  <code code="C15">
    <editdetail attribution="Reuters BIP Coding Group" action="confirmed" date="1996-10-09"/>
  </code>
  <code code="C151">
    <editdetail attribution="Reuters BIP Coding Group" action="confirmed" date="1996-10-09"/>
  </code>
  <code code="CCAT">
    <editdetail attribution="Reuters BIP Coding Group" action="confirmed" date="1996-10-09"/>
  </code>
</codes>
<dc element="dc.date.created" value="1996-10-09"/>
<dc element="dc.publisher" value="Reuters Holdings Plc"/>
<dc element="dc.date.published" value="1996-10-09"/>
<dc element="dc.source" value="Reuters"/>
<dc element="dc.creator.location" value="HELSINKI"/>
<dc element="dc.creator.location.country.name" value="FINLAND"/>
<dc element="dc.source" value="Reuters"/>
</metadata>
</newsitem>
