<?xml version="1.0" encoding="iso-8859-1" ?>
<newsitem itemid="106570" id="root" date="1996-10-09" xml:lang="en">
<title>UK: UK's Major wants tax cuts in budget - newspaper.</title>
<headline>UK's Major wants tax cuts in budget - newspaper.</headline>
<dateline>LONDON 1996-10-09</dateline>
<text>
<p>The Financial Times newspaper reported that British Prime Minister John Major wanted a package of tax cuts in the November 26 budget, including a reduction in the basic rate of income tax to 23 percent from 24 percent.</p>
<p>&quot;The PM does not see how we can go into the election claiming that the economy is in superb shape if we have failed to cut taxes,&quot; it quoted an unnamed senior member of the government as saying.</p>
<p>Chancellor of the Exchequer Kenneth Clarke said recently that voters would be &quot;deeply suspicious&quot; of pre-election tax cuts.</p>
<p>The Financial Times reported Major was concerned at Clarke's &quot;downbeat message&quot; on tax and wanted a cut in the basic rate, a rise in the number of people paying the basic 20 percent tax rate and a rise in the threshold for inheritance tax.</p>
<p>It estimated the cost of such a package at around three billion stg.</p>
<p>-- London Newsroom 44 171 542 2774</p>
</text>
<copyright>(c) Reuters Limited 1996</copyright>
<metadata>
<codes class="bip:countries:1.0">
  <code code="UK">
    <editdetail attribution="Reuters BIP Coding Group" action="confirmed" date="1996-10-09"/>
  </code>
</codes>
<codes class="bip:topics:1.0">
  <code code="E21">
    <editdetail attribution="Reuters BIP Coding Group" action="confirmed" date="1996-10-09"/>
  </code>
  <code code="E211">
    <editdetail attribution="Reuters BIP Coding Group" action="confirmed" date="1996-10-09"/>
  </code>
  <code code="ECAT">
    <editdetail attribution="Reuters BIP Coding Group" action="confirmed" date="1996-10-09"/>
  </code>
  <code code="GCAT">
    <editdetail attribution="Reuters BIP Coding Group" action="confirmed" date="1996-10-09"/>
  </code>
  <code code="GPOL">
    <editdetail attribution="Reuters BIP Coding Group" action="confirmed" date="1996-10-09"/>
  </code>
</codes>
<dc element="dc.date.created" value="1996-10-09"/>
<dc element="dc.publisher" value="Reuters Holdings Plc"/>
<dc element="dc.date.published" value="1996-10-09"/>
<dc element="dc.source" value="Reuters"/>
<dc element="dc.creator.location" value="LONDON"/>
<dc element="dc.creator.location.country.name" value="UK"/>
<dc element="dc.source" value="Reuters"/>
</metadata>
</newsitem>
