<?xml version="1.0" encoding="iso-8859-1" ?>
<newsitem itemid="106740" id="root" date="1996-10-09" xml:lang="en">
<title>JAPAN: Denmark launches yen/A$ dual-currency samurai.</title>
<headline>Denmark launches yen/A$ dual-currency samurai.</headline>
<dateline>TOKYO 1996-10-09</dateline>
<text>
<p>Denmark launched 21 billion yen worth of 5.6 percent yen/Australian dollar dual-currency samurai bonds due February 3, 2000, lead-manager Daiwa Securities Co Ltd said on Wednesday.  </p>
<p>The breakdown of the terms is as follows.</p>
<p> AMT 21 bln yen	COUPON 5.6 pct    MATURITY Feb 3, 2000</p>
<p> TYPE dual-currency samurai		PAY DATE Oct 31, 1996</p>
<p> ISS PRICE par	 SUB PERIOD Oct 16 - Oct 30</p>
<p> INTEREST PAYMENT Feb 3 annually	 SIGN DATE Oct 15, 1996</p>
<p>LAST RATING Aa1(Moody's), AA+(S&amp;P)</p>
<p>LEAD MANAGER Daiwa Securities Co Ltd</p>
<p>LEAD TRUSTEE n/a</p>
<p>NOTES: The bonds will be redeemed in Australian dollars, while interest will be paid in yen. The exchange rate is fixed at 5,656.11 Australian dollars for 500,000 yen.</p>
</text>
<copyright>(c) Reuters Limited 1996</copyright>
<metadata>
<codes class="bip:countries:1.0">
  <code code="DEN">
    <editdetail attribution="Reuters BIP Coding Group" action="confirmed" date="1996-10-09"/>
  </code>
  <code code="JAP">
    <editdetail attribution="Reuters BIP Coding Group" action="confirmed" date="1996-10-09"/>
  </code>
</codes>
<codes class="bip:topics:1.0">
  <code code="E21">
    <editdetail attribution="Reuters BIP Coding Group" action="confirmed" date="1996-10-09"/>
  </code>
  <code code="E212">
    <editdetail attribution="Reuters BIP Coding Group" action="confirmed" date="1996-10-09"/>
  </code>
  <code code="ECAT">
    <editdetail attribution="Reuters BIP Coding Group" action="confirmed" date="1996-10-09"/>
  </code>
</codes>
<dc element="dc.date.created" value="1996-10-09"/>
<dc element="dc.publisher" value="Reuters Holdings Plc"/>
<dc element="dc.date.published" value="1996-10-09"/>
<dc element="dc.source" value="Reuters"/>
<dc element="dc.creator.location" value="TOKYO"/>
<dc element="dc.creator.location.country.name" value="JAPAN"/>
<dc element="dc.source" value="Reuters"/>
</metadata>
</newsitem>
