<?xml version="1.0" encoding="iso-8859-1" ?>
<newsitem itemid="106884" id="root" date="1996-10-09" xml:lang="en">
<title>SINGAPORE: PRESS DIGEST - Singapore - October 9.</title>
<headline>PRESS DIGEST - Singapore - October 9.</headline>
<dateline>SINGAPORE 1996-10-09</dateline>
<text>
<p>The following are top stories from selected Singapore newspapers. Reuters has not verified these stories and does not vouch for their accuracy.</p>
<p>THE STRAITS TIMES:</p>
<p>- Singapore Senior Minister Lee Kuan Yew says Japanese will not have monopoly in East Asia's liberalisation.</p>
<p>- Former Amcol Holdings executive director Ng Chee Kheong and corporate trader Peter Tay Huay Hong charged with conspiring to cheat Amcol into investing US$39.6 million in Mauritius resort project.</p>
<p>- Malaysia's 14 foreign banks chalk up total group earnings of Malaysian $660 million for the six months to June 30.</p>
<p>- Stock Exchange of Singapore and Singapore Press Holdings will launch Business Times-Singapore Regional Index at seminar next week.</p>
<p>- Contract manufacturer NatSteel Broadway Ltd becomes third company this year with undersubscribed shares.</p>
<p>- Three freehold properties owned by defunct cooperative housing society are up for auction.</p>
<p>THE BUSINESS TIMES:</p>
<p>- Thailand considers short-term measures to boost declining offshore confidence in economy.</p>
<p>- Local fruit and vegetable distributor and processor Fook Huat Tong Kee Group applies for primary listing.</p>
<p>- Straits Steamship Land awards construction contracts worth Signapore $163 million for two Raffles Place office projects.</p>
<p>- Singapore's Hong Leong group agrees to buy Britannia Hotel in London's fashionable Mayfair district for 81 million stlg.</p>
<p>-- Singapore newsroom 65-8703080</p>
</text>
<copyright>(c) Reuters Limited 1996</copyright>
<metadata>
<codes class="bip:countries:1.0">
  <code code="SINGP">
    <editdetail attribution="Reuters BIP Coding Group" action="confirmed" date="1996-10-09"/>
  </code>
</codes>
<codes class="bip:topics:1.0">
  <code code="GCAT">
    <editdetail attribution="Reuters BIP Coding Group" action="confirmed" date="1996-10-09"/>
  </code>
</codes>
<dc element="dc.date.created" value="1996-10-09"/>
<dc element="dc.publisher" value="Reuters Holdings Plc"/>
<dc element="dc.date.published" value="1996-10-09"/>
<dc element="dc.source" value="Reuters"/>
<dc element="dc.creator.location" value="SINGAPORE"/>
<dc element="dc.creator.location.country.name" value="SINGAPORE"/>
<dc element="dc.source" value="Reuters"/>
</metadata>
</newsitem>
