<?xml version="1.0" encoding="iso-8859-1" ?>
<newsitem itemid="106866" id="root" date="1996-10-09" xml:lang="en">
<title>PHILIPPINES: BPI sees combined profits of about 4.0 bln pesos.</title>
<headline>BPI sees combined profits of about 4.0 bln pesos.</headline>
<dateline>MANILA 1996-10-09</dateline>
<text>
<p>Bank of the Philippine Islands expects combined profits to reach about 4.0 billion pesos this year following its merger with CityTrust Banking Corp, a BPI official said on Wednesday.</p>
<p>&quot;We expect close to 4.0 billion pesos with CityTrust,&quot; the official said.</p>
<p>The merger of the two banks took effect on Monday.  </p>
<p>For BPI alone,&quot;we're targetted to hit 3.0 billion pesos for the total,&quot; the official said. Last year, BPI made net profits of 1.9 billion pesos.</p>
<p>As of the first eight months of this year, BPI's net profit reached about 2.2 billion pesos, 70 percent higher than last year, the official, who declined to be named, said.</p>
<p>He traced BPI's strong earnings mainly from interest income on the back of a robust loan portfolio.</p>
<p>A stock rights offer of about 5.0 billion pesos last year gave the bank more ammunition to boost its loan portfolio, the official said.</p>
<p>- Manila newsroom 63 2 841-8937 fax 8176267</p>
</text>
<copyright>(c) Reuters Limited 1996</copyright>
<metadata>
<codes class="bip:countries:1.0">
  <code code="PHLNS">
    <editdetail attribution="Reuters BIP Coding Group" action="confirmed" date="1996-10-09"/>
  </code>
</codes>
<codes class="bip:industries:1.0">
  <code code="I81402">
    <editdetail attribution="Reuters BIP Coding Group" action="confirmed" date="1996-10-09"/>
  </code>
</codes>
<codes class="bip:topics:1.0">
  <code code="C15">
    <editdetail attribution="Reuters BIP Coding Group" action="confirmed" date="1996-10-09"/>
  </code>
  <code code="C152">
    <editdetail attribution="Reuters BIP Coding Group" action="confirmed" date="1996-10-09"/>
  </code>
  <code code="C18">
    <editdetail attribution="Reuters BIP Coding Group" action="confirmed" date="1996-10-09"/>
  </code>
  <code code="C181">
    <editdetail attribution="Reuters BIP Coding Group" action="confirmed" date="1996-10-09"/>
  </code>
  <code code="CCAT">
    <editdetail attribution="Reuters BIP Coding Group" action="confirmed" date="1996-10-09"/>
  </code>
</codes>
<dc element="dc.date.created" value="1996-10-09"/>
<dc element="dc.publisher" value="Reuters Holdings Plc"/>
<dc element="dc.date.published" value="1996-10-09"/>
<dc element="dc.source" value="Reuters"/>
<dc element="dc.creator.location" value="MANILA"/>
<dc element="dc.creator.location.country.name" value="PHILIPPINES"/>
<dc element="dc.source" value="Reuters"/>
</metadata>
</newsitem>
