<?xml version="1.0" encoding="iso-8859-1" ?>
<newsitem itemid="106857" id="root" date="1996-10-09" xml:lang="en">
<title>SOUTH KOREA: North Koreans take Southerners hostage--Seoul TV.</title>
<headline>North Koreans take Southerners hostage--Seoul TV.</headline>
<dateline>SEOUL 1996-10-09</dateline>
<text>
<p>Two North Korean infiltrators have taken two South Koreans hostage in an east coast area close to where a North Korean submarine put ashore 26 agents last month, South Korean state television reported.  </p>
<p>Local residents reported that two people picking mushrooms on a mountain in the area had been missing since Tuesday and a search revealed they had been taken hostage, the Korea Broadcasting System reported.</p>
<p>The television station said there was now a stand-off between the North Koreans and Southern troops.</p>
<p>No further details were given, and a defence ministry spokesman in the east coast city of Kangnung said he could not confirm the report.</p>
<p>Of the 26 North Korean agents who came ashore, 22 have been killed or found dead and one has been captured alive. A search has been under way for the remaining three.</p>
</text>
<copyright>(c) Reuters Limited 1996</copyright>
<metadata>
<codes class="bip:countries:1.0">
  <code code="NKOREA">
    <editdetail attribution="Reuters BIP Coding Group" action="confirmed" date="1996-10-09"/>
  </code>
  <code code="SKOREA">
    <editdetail attribution="Reuters BIP Coding Group" action="confirmed" date="1996-10-09"/>
  </code>
</codes>
<codes class="bip:topics:1.0">
  <code code="GCAT">
    <editdetail attribution="Reuters BIP Coding Group" action="confirmed" date="1996-10-09"/>
  </code>
  <code code="GVIO">
    <editdetail attribution="Reuters BIP Coding Group" action="confirmed" date="1996-10-09"/>
  </code>
</codes>
<dc element="dc.date.created" value="1996-10-09"/>
<dc element="dc.publisher" value="Reuters Holdings Plc"/>
<dc element="dc.date.published" value="1996-10-09"/>
<dc element="dc.source" value="Reuters"/>
<dc element="dc.creator.location" value="SEOUL"/>
<dc element="dc.creator.location.country.name" value="SOUTH KOREA"/>
<dc element="dc.source" value="Reuters"/>
</metadata>
</newsitem>
