<?xml version="1.0" encoding="iso-8859-1" ?>
<newsitem itemid="107054" id="root" date="1996-10-09" xml:lang="en">
<title>SOUTH KOREA: S.Korea won hits 6-yr low, central bank intervenes.</title>
<headline>S.Korea won hits 6-yr low, central bank intervenes.</headline>
<dateline>SEOUL 1996-10-09</dateline>
<text>
<p>South Korea's central bank intervened to protect the won on Wednesday after the currency slid to a fresh six-year low of 830 on heavy demand for U.S. dollars by importers, traders said.</p>
<p>It is the won's lowest level since South Korea introduced a market average system in March 1990.</p>
<p>&quot;It looks like the central bank began to sell dollars when the won fell to a new six-year low of 830,&quot; said a dealer with a domestic bank.</p>
<p>The won slid as far as 829.50 before the central Bank of Korea stabilised the currency. By 0225 GMT, it was trading at 829.90 and dealers said they expected it to move between 827.00 and 830.00 in the afternoon.</p>
<p>The won last hit a six-year high on September 16 at 830.00.</p>
<p>&quot;The U.S. dollar is rising on import deals and bullish sentiment,&quot; one local dealer said.</p>
</text>
<copyright>(c) Reuters Limited 1996</copyright>
<metadata>
<codes class="bip:countries:1.0">
  <code code="SKOREA">
    <editdetail attribution="Reuters BIP Coding Group" action="confirmed" date="1996-10-09"/>
  </code>
</codes>
<codes class="bip:topics:1.0">
  <code code="E12">
    <editdetail attribution="Reuters BIP Coding Group" action="confirmed" date="1996-10-09"/>
  </code>
  <code code="M13">
    <editdetail attribution="Reuters BIP Coding Group" action="confirmed" date="1996-10-09"/>
  </code>
</codes>
<dc element="dc.date.created" value="1996-10-09"/>
<dc element="dc.publisher" value="Reuters Holdings Plc"/>
<dc element="dc.date.published" value="1996-10-09"/>
<dc element="dc.source" value="Reuters"/>
<dc element="dc.creator.location" value="SEOUL"/>
<dc element="dc.creator.location.country.name" value="SOUTH KOREA"/>
<dc element="dc.source" value="Reuters"/>
</metadata>
</newsitem>
